,ID,ALERT,CDI,DMIN,FELT,GAP,MAG,MAGTYPE,MMI,NET,NST,PLACE,RMS,SIG,SOURCES,STATUS,TIME,TITLE,TSUNAMI,TZ,UPDATED,URL,LONGITUDE,LATITUDE,DEPTH
0,ak12383570,,,,,,2.2,ml,,ak,,"47km NE of Nikolski, Alaska",0.65,74,",ak,",reviewed,2016-01-01 23:52:04.000,"M 2.2 - 47km NE of Nikolski, Alaska",0,-540.0,2016-01-05 23:28:27.860,https://earthquake.usgs.gov/earthquakes/eventpage/ak12383570,-168.3619,53.237,12.1
1,ci37509488,,,0.07017,,62.0,0.6,ml,,ci,17.0,"2km S of Devore, CA",0.21,6,",ci,",reviewed,2016-01-01 23:41:23.670,"M 0.6 - 2km S of Devore, CA",0,-480.0,2016-03-29 21:20:00.331,https://earthquake.usgs.gov/earthquakes/eventpage/ci37509488,-117.4028333,34.2031667,2.99
2,us10004ddg,,1.0,1.891,0.0,107.0,4.3,mb,,us,,"23km E of Bandar-e Lengeh, Iran",0.54,284,",us,",reviewed,2016-01-01 23:17:29.490,"M 4.3 - 23km E of Bandar-e Lengeh, Iran",0,210.0,2016-03-28 22:09:32.040,https://earthquake.usgs.gov/earthquakes/eventpage/us10004ddg,55.1188,26.5711,10.0
3,us10004asf,,2.2,0.177,5.0,65.0,3.2,mb_lg,,us,,"10km NNE of Guthrie, Oklahoma",0.43,159,",us,",reviewed,2016-01-01 23:15:58.850,"M 3.2 - 10km NNE of Guthrie, Oklahoma",0,-360.0,2016-03-28 22:09:32.040,https://earthquake.usgs.gov/earthquakes/eventpage/us10004asf,-97.4016,35.9688,5.0
4,us10004bmy,,1.0,0.977,0.0,251.0,3.4,ml,,us,,"105km SSW of Chernabura Island, Alaska",0.54,178,",ak,us,",reviewed,2016-01-01 23:13:33.210,"M 3.4 - 105km SSW of Chernabura Island, Alaska",0,-660.0,2016-03-28 22:09:32.040,https://earthquake.usgs.gov/earthquakes/eventpage/us10004bmy,-160.2874,53.9447,33.66
5,nc72572465,,,0.06126,,240.0,0.83,md,,nc,12.0,Northern California,0.51,11,",nc,",automatic,2016-01-01 23:09:03.830,M 0.8 - Northern California,0,,2017-02-09 18:05:22.835,https://earthquake.usgs.gov/earthquakes/eventpage/nc72572465,-122.784668,38.7630005,-0.78
6,us10004ddf,,1.0,2.348,0.0,103.0,4.6,mb,,us,,"156km NNW of Tanahmerah, Indonesia",1.13,326,",us,",reviewed,2016-01-01 23:07:53.810,"M 4.6 - 156km NNW of Tanahmerah, Indonesia",0,540.0,2016-03-28 22:09:32.040,https://earthquake.usgs.gov/earthquakes/eventpage/us10004ddf,139.8842,-4.7301,15.32
7,us10004asd,,1.0,3.85,0.0,91.0,5.0,mb,,us,,"48km W of Ndoi Island, Fiji",0.83,385,",us,gcmt,",reviewed,2016-01-01 23:04:52.280,"M 5.0 - 48km W of Ndoi Island, Fiji",0,-720.0,2016-11-10 22:06:53.351,https://earthquake.usgs.gov/earthquakes/eventpage/us10004asd,-179.1565,-20.5653,642.75
8,mb80118319,,,0.199,,159.0,1.05,ml,,mb,7.0,"16km NE of Three Forks, Montana",0.1,17,",mb,",reviewed,2016-01-01 23:04:15.380,"M 1.1 - 16km NE of Three Forks, Montana",0,-420.0,2016-01-04 15:59:54.210,https://earthquake.usgs.gov/earthquakes/eventpage/mb80118319,-111.4053333,46.0053333,5.84
9,nn00525082,,,0.153,,207.1,1.6,ml,,nn,6.0,"69km ESE of Lakeview, Oregon",0.1605,39,",nn,",reviewed,2016-01-01 22:55:40.445,"M 1.6 - 69km ESE of Lakeview, Oregon",0,-480.0,2016-01-02 12:27:41.594,https://earthquake.usgs.gov/earthquakes/eventpage/nn00525082,-119.6086,41.8871,6.9
10,nc72572460,,,0.003604,,134.0,0.06,md,,nc,5.0,Northern California,0.02,0,",nc,",automatic,2016-01-01 22:50:08.690,M 0.1 - Northern California,0,,2017-02-09 18:05:17.748,https://earthquake.usgs.gov/earthquakes/eventpage/nc72572460,-122.8246689,38.8093338,2.69
11,nc72572450,,,0.009009,,139.0,0.56,md,,nc,6.0,Northern California,0.01,5,",nc,",automatic,2016-01-01 22:40:54.360,M 0.6 - Northern California,0,,2017-02-09 18:05:12.387,https://earthquake.usgs.gov/earthquakes/eventpage/nc72572450,-122.7411652,38.7610016,1.24
12,us10004as8,,2.7,,5.0,65.0,3.1,ml,,us,,"8km NNE of Guthrie, Oklahoma",0.29,149,",us,",reviewed,2016-01-01 22:40:26.600,"M 3.1 - 8km NNE of Guthrie, Oklahoma",0,-360.0,2016-03-28 22:09:32.040,https://earthquake.usgs.gov/earthquakes/eventpage/us10004as8,-97.3969,35.9533,6.886
13,ci37509480,,,0.1593,,71.0,2.45,ml,,ci,29.0,"12km NNW of Coso Junction, CA",0.13,92,",ci,",reviewed,2016-01-01 22:39:13.790,"M 2.5 - 12km NNW of Coso Junction, CA",0,-480.0,2016-03-29 21:22:29.690,https://earthquake.usgs.gov/earthquakes/eventpage/ci37509480,-117.9835,36.1483333,1.35
14,us10004bn0,,1.0,0.601,0.0,119.0,4.0,mb,,us,,"74km SE of Chignik Lake, Alaska",0.99,246,",ak,us,",reviewed,2016-01-01 22:36:52.220,"M 4.0 - 74km SE of Chignik Lake, Alaska",0,-660.0,2016-03-28 22:09:32.040,https://earthquake.usgs.gov/earthquakes/eventpage/us10004bn0,-157.9431,55.7628,52.71
15,nn00525078,,,0.107,,200.58,0.3,ml,,nn,5.0,"34km SE of Hawthorne, Nevada",0.0266,1,",nn,",reviewed,2016-01-01 22:36:13.066,"M 0.3 - 34km SE of Hawthorne, Nevada",0,-480.0,2016-01-02 11:47:52.076,https://earthquake.usgs.gov/earthquakes/eventpage/nn00525078,-118.3768,38.287,7.8
16,ak12382599,,,,,,1.4,ml,,ak,,"36km S of Cantwell, Alaska",0.5,30,",ak,",reviewed,2016-01-01 22:29:54.000,"M 1.4 - 36km S of Cantwell, Alaska",0,-540.0,2016-01-05 23:28:30.142,https://earthquake.usgs.gov/earthquakes/eventpage/ak12382599,-149.076,63.0651,73.8
17,uu60134752,,,0.092,,99.0,0.58,md,,uu,7.0,"4km ENE of Magna, Utah",0.09,5,",uu,",reviewed,2016-01-01 22:27:51.270,"M 0.6 - 4km ENE of Magna, Utah",0,-420.0,2016-01-05 19:04:58.250,https://earthquake.usgs.gov/earthquakes/eventpage/uu60134752,-112.0581667,40.731,0.12
18,nc72572440,,,0.06847,,44.0,1.58,md,,nc,38.0,"4km WNW of Dublin, California",0.08,38,",nc,",reviewed,2016-01-01 22:19:13.580,"M 1.6 - 4km WNW of Dublin, California",0,-480.0,2017-02-09 18:05:07.361,https://earthquake.usgs.gov/earthquakes/eventpage/nc72572440,-121.981,37.7226667,8.94
19,mb80118459,,,0.194,,156.0,0.95,ml,,mb,7.0,"17km NE of Three Forks, Montana",0.03,14,",mb,",reviewed,2016-01-01 22:17:16.760,"M 1.0 - 17km NE of Three Forks, Montana",0,-420.0,2016-01-04 22:08:44.380,https://earthquake.usgs.gov/earthquakes/eventpage/mb80118459,-111.4076667,46.0135,8.16
20,ak12382576,,,,,,1.2,ml,,ak,,"90km NE of Cape Yakataga, Alaska",0.36,22,",ak,",reviewed,2016-01-01 22:12:01.000,"M 1.2 - 90km NE of Cape Yakataga, Alaska",0,-540.0,2016-01-08 01:05:17.868,https://earthquake.usgs.gov/earthquakes/eventpage/ak12382576,-141.2047,60.611,8.0
21,mb80118529,,,0.444,,166.0,0.63,md,,mb,14.0,"7km WNW of Lolo, Montana",0.21,6,",mb,",reviewed,2016-01-01 22:11:50.340,"M 0.6 - 7km WNW of Lolo, Montana",0,-420.0,2016-01-05 00:46:44.450,https://earthquake.usgs.gov/earthquakes/eventpage/mb80118529,-114.1701667,46.7818333,2.17
22,us10004as5,,3.4,,4.0,53.0,3.0,ml,,us,,"7km ENE of Edmond, Oklahoma",0.6,140,",us,",reviewed,2016-01-01 22:08:04.700,"M 3.0 - 7km ENE of Edmond, Oklahoma",0,-360.0,2016-03-28 22:09:32.040,https://earthquake.usgs.gov/earthquakes/eventpage/us10004as5,-97.3992,35.6661,6.696
23,ak12439428,,,,,,1.7,ml,,ak,,"71km N of Nikiski, Alaska",0.55,44,",ak,",reviewed,2016-01-01 21:59:35.000,"M 1.7 - 71km N of Nikiski, Alaska",0,-540.0,2016-01-05 23:28:26.504,https://earthquake.usgs.gov/earthquakes/eventpage/ak12439428,-151.3169,61.3331,67.2
24,us10004as0,,1.0,1.669,0.0,49.0,4.9,mb,,us,,"132km SW of Dadali, Solomon Islands",0.78,369,",us,gcmt,",reviewed,2016-01-01 21:49:40.090,"M 4.9 - 132km SW of Dadali, Solomon Islands",0,660.0,2016-11-10 22:06:52.270,https://earthquake.usgs.gov/earthquakes/eventpage/us10004as0,158.3119,-9.0125,14.82
25,pr16001006,,1.0,0.68990614,0.0,262.8,2.8,Md,,pr,12.0,"77km N of Brenas, Puerto Rico",0.18,121,",pr,us,",REVIEWED,2016-01-01 21:49:18.000,"M 2.8 - 77km N of Brenas, Puerto Rico",0,-240.0,2016-03-28 22:09:32.040,https://earthquake.usgs.gov/earthquakes/eventpage/pr16001006,-66.408,19.1611,22.0
26,nc72572435,,,0.007207,,53.0,0.86,md,,nc,15.0,"7km NW of The Geysers, California",0.02,11,",nc,",automatic,2016-01-01 21:49:07.330,"M 0.9 - 7km NW of The Geysers, California",0,-480.0,2017-02-09 18:05:01.571,https://earthquake.usgs.gov/earthquakes/eventpage/nc72572435,-122.8264999,38.8223343,2.27
27,nn00524999,,,0.17,,210.07,1.8,ml,,nn,6.0,"71km ESE of Lakeview, Oregon",0.1782,50,",nn,",reviewed,2016-01-01 21:43:58.512,"M 1.8 - 71km ESE of Lakeview, Oregon",0,-480.0,2016-01-01 22:34:36.058,https://earthquake.usgs.gov/earthquakes/eventpage/nn00524999,-119.6133,41.8511,8.6
28,ak12381653,,,,,,1.7,ml,,ak,,"10km S of Willow, Alaska",0.6,44,",ak,",reviewed,2016-01-01 21:32:57.000,"M 1.7 - 10km S of Willow, Alaska",0,-540.0,2016-01-05 23:28:34.193,https://earthquake.usgs.gov/earthquakes/eventpage/ak12381653,-150.0509,61.6528,39.1
29,ci37509472,,,0.007011,,99.0,0.64,ml,,ci,11.0,"15km NE of Little Lake, CA",0.05,6,",ci,",reviewed,2016-01-01 21:29:23.940,"M 0.6 - 15km NE of Little Lake, CA",0,-480.0,2016-03-29 21:40:05.376,https://earthquake.usgs.gov/earthquakes/eventpage/ci37509472,-117.7723333,36.0211667,1.9
30,us10004ary,,1.0,3.662,0.0,190.0,4.3,mb,,us,,"57km SSW of Kuril'sk, Russia",0.62,284,",us,",reviewed,2016-01-01 21:28:35.740,"M 4.3 - 57km SSW of Kuril'sk, Russia",0,660.0,2016-03-28 22:09:32.040,https://earthquake.usgs.gov/earthquakes/eventpage/us10004ary,147.6296,44.7496,113.08
31,nc72572430,,,0.02072,,153.0,0.54,md,,nc,8.0,"7km NW of The Geysers, California",0.03,4,",nc,",automatic,2016-01-01 21:27:38.030,"M 0.5 - 7km NW of The Geysers, California",0,-480.0,2017-02-09 18:04:56.499,https://earthquake.usgs.gov/earthquakes/eventpage/nc72572430,-122.8176651,38.8188324,2.9
32,nn00525081,,,0.097,,126.68,0.2,ml,,nn,6.0,"18km E of Hawthorne, Nevada",0.0373,1,",nn,",reviewed,2016-01-01 21:26:43.545,"M 0.2 - 18km E of Hawthorne, Nevada",0,-480.0,2016-01-02 12:15:25.034,https://earthquake.usgs.gov/earthquakes/eventpage/nn00525081,-118.4098,38.5133,5.0
33,ak12381652,,,,,,0.7,ml,,ak,,"73km SSE of Deltana, Alaska",0.56,8,",ak,",reviewed,2016-01-01 21:26:28.000,"M 0.7 - 73km SSE of Deltana, Alaska",0,-540.0,2016-01-08 01:05:13.817,https://earthquake.usgs.gov/earthquakes/eventpage/ak12381652,-144.7371,63.25,7.8
34,ak12381626,,,,,,1.8,ml,,ak,,"57km SSW of Cantwell, Alaska",0.59,50,",ak,",reviewed,2016-01-01 21:24:14.000,"M 1.8 - 57km SSW of Cantwell, Alaska",0,-540.0,2016-01-05 23:28:39.610,https://earthquake.usgs.gov/earthquakes/eventpage/ak12381626,-149.503,62.9391,75.4
35,ci37509464,,,0.0679,,133.0,0.42,ml,,ci,20.0,"18km ESE of Anza, CA",0.09,3,",ci,",reviewed,2016-01-01 21:17:46.870,"M 0.4 - 18km ESE of Anza, CA",0,-480.0,2016-03-29 21:19:58.612,https://earthquake.usgs.gov/earthquakes/eventpage/ci37509464,-116.4958333,33.489,11.06
36,nn00524992,,,0.131,,156.58,1.0,ml,,nn,7.0,"17km NE of Spanish Springs, Nevada",0.1413,15,",nn,",reviewed,2016-01-01 21:07:41.610,"M 1.0 - 17km NE of Spanish Springs, Nevada",0,-480.0,2016-01-01 21:42:18.958,https://earthquake.usgs.gov/earthquakes/eventpage/nn00524992,-119.5464,39.7524,2.9
37,mb80118534,,,0.196,,156.0,0.41,md,,mb,6.0,"17km NE of Three Forks, Montana",0.04,3,",mb,",reviewed,2016-01-01 21:02:39.380,"M 0.4 - 17km NE of Three Forks, Montana",0,-420.0,2016-01-05 00:51:05.830,https://earthquake.usgs.gov/earthquakes/eventpage/mb80118534,-111.4083333,46.0118333,5.89
38,nc72572425,,3.1,0.005405,2.0,41.0,0.22,md,,nc,18.0,"5km W of Cobb, California",0.06,1,",nc,",reviewed,2016-01-01 21:02:19.640,"M 0.2 - 5km W of Cobb, California",0,-480.0,2017-02-09 18:04:51.444,https://earthquake.usgs.gov/earthquakes/eventpage/nc72572425,-122.7853333,38.8178333,2.05
39,ak12381608,,,,,,1.2,ml,,ak,,"108km NW of Talkeetna, Alaska",0.79,22,",ak,",reviewed,2016-01-01 21:02:16.000,"M 1.2 - 108km NW of Talkeetna, Alaska",0,-540.0,2016-01-05 23:28:38.931,https://earthquake.usgs.gov/earthquakes/eventpage/ak12381608,-151.5006,63.0638,8.7
40,nn00524991,,,0.165,,209.33,2.2,ml,,nn,6.0,"70km ESE of Lakeview, Oregon",0.2003,74,",nn,",reviewed,2016-01-01 20:59:37.056,"M 2.2 - 70km ESE of Lakeview, Oregon",0,-480.0,2016-01-01 21:36:05.106,https://earthquake.usgs.gov/earthquakes/eventpage/nn00524991,-119.6128,41.8599,8.9
41,nc72572420,,,0.007207,,46.0,0.69,md,,nc,21.0,"2km E of Berkeley, California",0.04,7,",nc,",reviewed,2016-01-01 20:57:46.710,"M 0.7 - 2km E of Berkeley, California",0,-480.0,2017-02-09 18:04:45.987,https://earthquake.usgs.gov/earthquakes/eventpage/nc72572420,-122.2473333,37.869,8.65
42,ak12380708,,1.0,,0.0,,2.7,ml,,ak,,"79km NE of Kodiak, Alaska",0.65,112,",ak,us,",reviewed,2016-01-01 20:51:38.000,"M 2.7 - 79km NE of Kodiak, Alaska",0,-600.0,2016-03-28 22:09:32.040,https://earthquake.usgs.gov/earthquakes/eventpage/ak12380708,-151.3528,58.2292,32.2
43,nc72572415,,,0.01261,,159.0,0.56,md,,nc,7.0,"8km W of Cobb, California",0.07,5,",nc,",automatic,2016-01-01 20:50:55.450,"M 0.6 - 8km W of Cobb, California",0,-480.0,2017-02-09 18:04:38.358,https://earthquake.usgs.gov/earthquakes/eventpage/nc72572415,-122.8178329,38.8343315,1.59
44,mb80118464,,,0.245,,104.0,0.84,ml,,mb,8.0,"30km SSE of Virginia City, Montana",0.16,11,",mb,",reviewed,2016-01-01 20:34:37.530,"M 0.8 - 30km SSE of Virginia City, Montana",0,-420.0,2016-01-04 22:18:27.990,https://earthquake.usgs.gov/earthquakes/eventpage/mb80118464,-111.8481667,45.0291667,5.86
45,ci37509456,,,0.09964,,78.0,0.68,ml,,ci,15.0,"6km SSW of Devore, CA",0.12,7,",ci,",reviewed,2016-01-01 20:29:29.600,"M 0.7 - 6km SSW of Devore, CA",0,-480.0,2016-03-29 21:29:27.019,https://earthquake.usgs.gov/earthquakes/eventpage/ci37509456,-117.4205,34.1713333,2.79
46,us10004ark,,4.5,,22.0,68.0,3.4,ml,,us,,"6km S of Guthrie, Oklahoma",0.59,188,",us,",reviewed,2016-01-01 20:28:07.600,"M 3.4 - 6km S of Guthrie, Oklahoma",0,-360.0,2016-03-28 22:09:32.040,https://earthquake.usgs.gov/earthquakes/eventpage/us10004ark,-97.4362,35.8209,5.632
47,us10004as7,,1.0,,0.0,,3.1,ml,,us,,"86km WSW of Chernabura Island, Alaska",0.53,148,",ak,us,",reviewed,2016-01-01 20:24:16.340,"M 3.1 - 86km WSW of Chernabura Island, Alaska",0,-660.0,2016-03-28 22:09:32.040,https://earthquake.usgs.gov/earthquakes/eventpage/us10004as7,-160.782,54.467,21.9
48,pr16001004,,1.0,1.15972503,0.0,291.6,2.7,Md,,pr,6.0,"106km N of Loiza, Puerto Rico",0.23,112,",pr,us,",REVIEWED,2016-01-01 20:19:09.700,"M 2.7 - 106km N of Loiza, Puerto Rico",0,-240.0,2016-03-28 22:09:32.040,https://earthquake.usgs.gov/earthquakes/eventpage/pr16001004,-65.7536,19.385,61.0
49,mb80118309,,,0.2,,70.0,1.68,ml,,mb,16.0,"17km NE of Three Forks, Montana",0.12,43,",mb,",reviewed,2016-01-01 20:16:12.360,"M 1.7 - 17km NE of Three Forks, Montana",0,-420.0,2016-01-04 15:43:54.480,https://earthquake.usgs.gov/earthquakes/eventpage/mb80118309,-111.4243333,46.0178333,5.0
50,nc72572405,,,0.009009,,191.0,0.46,md,,nc,6.0,Northern California,0.01,3,",nc,",automatic,2016-01-01 20:10:47.270,M 0.5 - Northern California,0,,2017-02-09 18:04:32.932,https://earthquake.usgs.gov/earthquakes/eventpage/nc72572405,-122.8454971,38.8269997,1.57
51,ak12380655,,,,,,2.1,ml,,ak,,"31km SE of Adak, Alaska",0.54,68,",ak,",reviewed,2016-01-01 20:03:35.000,"M 2.1 - 31km SE of Adak, Alaska",0,-600.0,2016-01-05 23:28:28.577,https://earthquake.usgs.gov/earthquakes/eventpage/ak12380655,-176.398,51.6527,64.7
52,nc72572400,,1.0,0.08559,0.0,124.0,2.56,md,,nc,20.0,"0km ESE of Red Bluff, California",0.18,101,",nc,",reviewed,2016-01-01 20:02:39.870,"M 2.6 - 0km ESE of Red Bluff, California",0,-480.0,2017-02-09 18:04:27.831,https://earthquake.usgs.gov/earthquakes/eventpage/nc72572400,-122.2288333,40.1755,32.75
53,ci37509448,,,0.1357,,52.0,1.1,ml,,ci,25.0,"9km NW of Ocotillo, CA",0.23,19,",ci,",reviewed,2016-01-01 20:01:02.030,"M 1.1 - 9km NW of Ocotillo, CA",0,-480.0,2016-03-29 21:29:25.659,https://earthquake.usgs.gov/earthquakes/eventpage/ci37509448,-116.074,32.7835,9.18
54,mb80118304,,,0.199,,71.0,1.15,md,,mb,12.0,"17km NE of Three Forks, Montana",0.14,20,",mb,",reviewed,2016-01-01 19:49:46.900,"M 1.2 - 17km NE of Three Forks, Montana",0,-420.0,2016-01-03 23:52:01.110,https://earthquake.usgs.gov/earthquakes/eventpage/mb80118304,-111.423,46.0171667,5.0
55,nc72572395,,,0.01351,,136.0,0.2,md,,nc,10.0,"5km WNW of The Geysers, California",0.02,1,",nc,",reviewed,2016-01-01 19:43:08.500,"M 0.2 - 5km WNW of The Geysers, California",0,-480.0,2017-02-09 18:04:21.361,https://earthquake.usgs.gov/earthquakes/eventpage/nc72572395,-122.8126667,38.8043333,2.63
56,hv61140076,,3.1,0.1187,6.0,232.0,2.8,ml,,hv,51.0,"16km SE of Waimea, Hawaii",0.22,122,",hv,us,",automatic,2016-01-01 19:38:33.850,"M 2.8 - 16km SE of Waimea, Hawaii",0,-600.0,2016-03-28 22:09:32.040,https://earthquake.usgs.gov/earthquakes/eventpage/hv61140076,-155.5551605,19.9266663,15.47
57,mb80118469,,,0.2,,164.0,0.46,md,,mb,8.0,"16km NE of Three Forks, Montana",0.11,3,",mb,",reviewed,2016-01-01 19:32:45.320,"M 0.5 - 16km NE of Three Forks, Montana",0,-420.0,2016-01-04 22:25:46.520,https://earthquake.usgs.gov/earthquakes/eventpage/mb80118469,-111.3923333,45.9951667,5.72
58,nc72572390,,,0.06937,,122.0,0.67,md,,nc,7.0,"12km WNW of West Bishop, California",0.03,7,",nc,",reviewed,2016-01-01 19:28:28.370,"M 0.7 - 12km WNW of West Bishop, California",0,-480.0,2017-02-09 18:04:16.228,https://earthquake.usgs.gov/earthquakes/eventpage/nc72572390,-118.5745,37.4221667,15.35
59,us10004are,,1.0,12.705,0.0,159.0,4.5,mb,,us,,West Chile Rise,1.02,312,",us,gcmt,",reviewed,2016-01-01 19:23:29.780,M 4.5 - West Chile Rise,0,-360.0,2016-11-10 22:06:51.107,https://earthquake.usgs.gov/earthquakes/eventpage/us10004are,-88.8877,-41.1025,10.0
60,ci37509440,,,0.06665,,37.0,0.97,ml,,ci,27.0,"11km E of Borrego Springs, CA",0.2,14,",ci,",reviewed,2016-01-01 19:18:49.910,"M 1.0 - 11km E of Borrego Springs, CA",0,-480.0,2016-03-29 21:32:45.544,https://earthquake.usgs.gov/earthquakes/eventpage/ci37509440,-116.26,33.2593333,6.74
61,us10004dde,,,5.498,,73.0,4.0,mb,,us,,"29km W of Palimbang, Philippines",0.71,246,",us,",reviewed,2016-01-01 19:16:32.310,"M 4.0 - 29km W of Palimbang, Philippines",0,480.0,2016-03-28 22:09:32.040,https://earthquake.usgs.gov/earthquakes/eventpage/us10004dde,123.9268,6.2071,548.91
62,nc72572385,,,0.006306,,146.0,0.46,md,,nc,8.0,"9km NW of The Geysers, California",0.01,3,",nc,",automatic,2016-01-01 19:11:38.410,"M 0.5 - 9km NW of The Geysers, California",0,-480.0,2017-02-09 18:04:10.312,https://earthquake.usgs.gov/earthquakes/eventpage/nc72572385,-122.8424988,38.8236656,1.58
63,nn00524995,,,0.075,,217.32,-0.1,ml,,nn,5.0,"34km SW of Beatty, Nevada",0.1975,0,",nn,",reviewed,2016-01-01 19:10:43.819,"M -0.1 - 34km SW of Beatty, Nevada",0,-480.0,2016-01-01 21:29:52.485,https://earthquake.usgs.gov/earthquakes/eventpage/nn00524995,-116.9766,36.6498,7.8
64,us10004ddl,,,4.531,,144.0,4.0,mb,,us,,"168km SSE of Sigave, Wallis and Futuna",0.4,246,",us,",reviewed,2016-01-01 19:02:07.670,"M 4.0 - 168km SSE of Sigave, Wallis and Futuna",0,-720.0,2016-03-28 22:09:32.040,https://earthquake.usgs.gov/earthquakes/eventpage/us10004ddl,-177.6941,-15.7499,441.29
65,ismpkansas70164698,,,0.08381,,96.0,1.56,ml,,ismpkansas,13.0,Kansas,0.04,37,",ismpkansas,",reviewed,2016-01-01 18:52:37.660,M 1.6 - Kansas,0,,2016-07-18 18:11:15.950,https://earthquake.usgs.gov/earthquakes/eventpage/ismpkansas70164698,-97.6585,37.1293333,5.27
66,ak12378813,,1.0,,0.0,,3.3,ml,,ak,,"79km NNW of Talkeetna, Alaska",0.49,168,",ak,us,",reviewed,2016-01-01 18:44:23.000,"M 3.3 - 79km NNW of Talkeetna, Alaska",0,-540.0,2016-03-28 22:09:32.040,https://earthquake.usgs.gov/earthquakes/eventpage/ak12378813,-150.8337,62.9553,104.7
67,nc72572375,,,0.01351,,124.0,0.33,md,,nc,20.0,"2km WNW of The Geysers, California",0.06,2,",nc,",reviewed,2016-01-01 18:35:44.120,"M 0.3 - 2km WNW of The Geysers, California",0,-480.0,2017-02-09 18:04:04.716,https://earthquake.usgs.gov/earthquakes/eventpage/nc72572375,-122.7793333,38.7816667,1.51
68,nc72572370,,,0.02973,,136.0,0.64,md,,nc,14.0,"1km SW of Crockett, California",0.03,6,",nc,",reviewed,2016-01-01 18:22:24.470,"M 0.6 - 1km SW of Crockett, California",0,-480.0,2017-02-09 18:03:59.346,https://earthquake.usgs.gov/earthquakes/eventpage/nc72572370,-122.2251667,38.039,7.58
69,ci37509432,,,0.05057,,63.0,1.03,ml,,ci,43.0,"13km ESE of Anza, CA",0.16,16,",ci,",reviewed,2016-01-01 18:08:42.000,"M 1.0 - 13km ESE of Anza, CA",0,-480.0,2016-03-29 21:29:24.349,https://earthquake.usgs.gov/earthquakes/eventpage/ci37509432,-116.5426667,33.5038333,12.19
70,nc72572360,,,0.00991,,77.0,0.94,md,,nc,14.0,"2km WNW of Crockett, California",0.1,14,",nc,",reviewed,2016-01-01 17:57:33.730,"M 0.9 - 2km WNW of Crockett, California",0,-480.0,2017-02-09 18:03:53.730,https://earthquake.usgs.gov/earthquakes/eventpage/nc72572360,-122.2413333,38.0653333,8.04
71,nc72572355,,,0.009009,,87.0,0.68,md,,nc,11.0,"9km WNW of The Geysers, California",0.01,7,",nc,",automatic,2016-01-01 17:54:09.720,"M 0.7 - 9km WNW of The Geysers, California",0,-480.0,2017-02-09 18:03:48.452,https://earthquake.usgs.gov/earthquakes/eventpage/nc72572355,-122.8461685,38.8238335,1.86
72,us10004ddd,,,2.939,,78.0,4.8,mb,,us,,"219km ESE of Lambasa, Fiji",1.13,354,",us,",reviewed,2016-01-01 17:30:30.950,"M 4.8 - 219km ESE of Lambasa, Fiji",0,-720.0,2016-03-28 22:09:32.040,https://earthquake.usgs.gov/earthquakes/eventpage/us10004ddd,-178.8778,-17.477,548.9
73,mb80118474,,,0.198,,85.0,0.7,md,,mb,9.0,"17km NE of Three Forks, Montana",0.08,8,",mb,",reviewed,2016-01-01 17:24:32.220,"M 0.7 - 17km NE of Three Forks, Montana",0,-420.0,2016-01-04 22:32:01.990,https://earthquake.usgs.gov/earthquakes/eventpage/mb80118474,-111.4131667,46.0118333,5.0
74,uw61115536,,,0.03718,,241.0,-0.45,md,,uw,4.0,"10km SSE of Desert Aire, Washington",0.09,3,",uw,",reviewed,2016-01-01 17:24:25.500,"M -0.5 - 10km SSE of Desert Aire, Washington",0,-480.0,2016-07-22 20:01:42.600,https://earthquake.usgs.gov/earthquakes/eventpage/uw61115536,-119.8446667,46.595,6.31
75,us10004ddc,,,1.026,,40.0,3.4,ml,,us,,Wyoming,1.36,178,",us,",reviewed,2016-01-01 17:18:41.930,M 3.4 Mining Explosion - Wyoming,0,,2016-03-28 22:09:32.040,https://earthquake.usgs.gov/earthquakes/eventpage/us10004ddc,-105.158,43.4932,0.0
76,us10004ar8,,4.7,0.401,23.0,53.0,4.8,mb,,us,,"59km WNW of Cotacachi, Ecuador",1.15,365,",us,gcmt,",reviewed,2016-01-01 17:15:42.870,"M 4.8 - 59km WNW of Cotacachi, Ecuador",0,-300.0,2016-11-10 22:06:49.918,https://earthquake.usgs.gov/earthquakes/eventpage/us10004ar8,-78.7732,0.4792,27.1
77,nc72572350,,,0.08288,,91.0,1.32,md,,nc,16.0,"21km NE of Soledad, California",0.07,27,",nc,",reviewed,2016-01-01 17:15:13.730,"M 1.3 - 21km NE of Soledad, California",0,-480.0,2017-02-09 18:03:43.454,https://earthquake.usgs.gov/earthquakes/eventpage/nc72572350,-121.1576667,36.5605,7.21
78,nc72572345,,,0.07117,,90.0,1.24,md,,nc,20.0,"4km WNW of Dublin, California",0.06,24,",nc,",reviewed,2016-01-01 17:05:08.080,"M 1.2 - 4km WNW of Dublin, California",0,-480.0,2017-02-09 18:03:38.368,https://earthquake.usgs.gov/earthquakes/eventpage/nc72572345,-121.9778333,37.7215,8.79
79,pr16001005,,1.0,0.35034296,0.0,302.4,3.5,Md,,pr,13.0,"12km SSW of Boca de Yuma, Dominican Republic",0.34,188,",pr,us,",REVIEWED,2016-01-01 16:57:49.300,"M 3.5 - 12km SSW of Boca de Yuma, Dominican Republic",0,-240.0,2016-03-28 22:09:32.040,https://earthquake.usgs.gov/earthquakes/eventpage/pr16001005,-68.6453,18.2663,144.0
80,ak12377834,,,,,,1.8,ml,,ak,,"14km N of Meadow Lakes, Alaska",0.45,50,",ak,",reviewed,2016-01-01 16:56:15.000,"M 1.8 - 14km N of Meadow Lakes, Alaska",0,-540.0,2016-01-05 23:28:42.463,https://earthquake.usgs.gov/earthquakes/eventpage/ak12377834,-149.6361,61.7551,41.4
81,nc72572340,,,0.1568,,114.0,1.44,md,,nc,14.0,"10km SSE of Redway, California",0.07,32,",nc,",reviewed,2016-01-01 16:53:56.700,"M 1.4 - 10km SSE of Redway, California",0,-480.0,2017-02-09 18:03:33.091,https://earthquake.usgs.gov/earthquakes/eventpage/nc72572340,-123.7668333,40.0351667,16.88
82,nc72572335,,,0.008108,,63.0,1.24,md,,nc,39.0,"9km WNW of The Geysers, California",0.05,24,",nc,",reviewed,2016-01-01 16:51:38.020,"M 1.2 - 9km WNW of The Geysers, California",0,-480.0,2017-02-09 18:03:26.270,https://earthquake.usgs.gov/earthquakes/eventpage/nc72572335,-122.845,38.8216667,2.26
83,nn00524975,,,0.203,,203.26,1.0,ml,,nn,11.0,"33km SE of Bridgeport, California",0.1917,15,",nn,",reviewed,2016-01-01 16:46:50.805,"M 1.0 - 33km SE of Bridgeport, California",0,-480.0,2016-01-01 17:55:06.667,https://earthquake.usgs.gov/earthquakes/eventpage/nn00524975,-118.9536,38.0467,15.0
84,ci37509424,,,0.1609,,117.0,1.09,ml,,ci,12.0,"12km NNW of Coso Junction, CA",0.17,18,",ci,",reviewed,2016-01-01 16:42:52.220,"M 1.1 - 12km NNW of Coso Junction, CA",0,-480.0,2016-03-29 21:40:04.212,https://earthquake.usgs.gov/earthquakes/eventpage/ci37509424,-117.987,36.1486667,-0.48
85,pr16001003,,1.0,0.3584278,0.0,295.2,2.5,Md,,pr,4.0,"39km N of Road Town, British Virgin Islands",0.28,96,",pr,us,",REVIEWED,2016-01-01 16:42:22.600,"M 2.5 - 39km N of Road Town, British Virgin Islands",0,-240.0,2016-03-28 22:09:32.040,https://earthquake.usgs.gov/earthquakes/eventpage/pr16001003,-64.6904,18.7698,37.0
86,ci37509416,,,0.1053,,36.0,1.73,ml,,ci,59.0,"18km WSW of Oasis, CA",0.18,46,",ci,",reviewed,2016-01-01 16:33:36.850,"M 1.7 - 18km WSW of Oasis, CA",0,-480.0,2016-03-29 21:25:47.104,https://earthquake.usgs.gov/earthquakes/eventpage/ci37509416,-116.2821667,33.4046667,1.19
87,ak12376930,,,,,,1.6,ml,,ak,,"59km SSW of Deltana, Alaska",0.47,39,",ak,",reviewed,2016-01-01 16:23:12.000,"M 1.6 - 59km SSW of Deltana, Alaska",0,-540.0,2016-01-05 23:28:35.661,https://earthquake.usgs.gov/earthquakes/eventpage/ak12376930,-145.6476,63.3758,4.0
88,nn00524973,,,0.088,,158.75,1.2,ml,,nn,11.0,"22km S of Big Pine, California",0.1928,22,",nn,",reviewed,2016-01-01 15:41:01.349,"M 1.2 - 22km S of Big Pine, California",0,-480.0,2016-01-01 16:23:07.455,https://earthquake.usgs.gov/earthquakes/eventpage/nn00524973,-118.2501,36.9674,9.9
89,mb80118294,,,0.197,,154.0,0.84,md,,mb,5.0,"17km NE of Three Forks, Montana",0.04,11,",mb,",reviewed,2016-01-01 15:21:41.410,"M 0.8 - 17km NE of Three Forks, Montana",0,-420.0,2016-01-01 17:03:18.090,https://earthquake.usgs.gov/earthquakes/eventpage/mb80118294,-111.4145,46.0146667,5.77
90,nc72572320,,,0.008108,,63.0,1.02,md,,nc,20.0,"9km WNW of Cobb, California",0.03,16,",nc,",automatic,2016-01-01 15:05:36.040,"M 1.0 - 9km WNW of Cobb, California",0,-480.0,2017-02-09 18:03:18.269,https://earthquake.usgs.gov/earthquakes/eventpage/nc72572320,-122.8278351,38.8434982,1.1
91,us10004aqy,green,1.0,0.837,0.0,62.0,5.8,mww,3.82,us,,"93km NE of Raoul Island, New Zealand",1.28,518,",gcmt,us,gcmt,",reviewed,2016-01-01 15:02:16.740,"M 5.8 - 93km NE of Raoul Island, New Zealand",0,-720.0,2016-11-10 22:06:48.714,https://earthquake.usgs.gov/earthquakes/eventpage/us10004aqy,-177.281,-28.6278,34.0
92,ak12376010,,,,,,0.6,ml,,ak,,"12km W of North Nenana, Alaska",0.7,6,",ak,",reviewed,2016-01-01 14:59:47.000,"M 0.6 - 12km W of North Nenana, Alaska",0,-540.0,2016-01-05 23:28:31.543,https://earthquake.usgs.gov/earthquakes/eventpage/ak12376010,-149.3744,64.5682,28.2
93,ci37509400,,,0.1072,,83.0,0.87,ml,,ci,31.0,"18km WSW of Oasis, CA",0.18,12,",ci,",reviewed,2016-01-01 14:46:22.120,"M 0.9 - 18km WSW of Oasis, CA",0,-480.0,2016-03-29 21:36:34.639,https://earthquake.usgs.gov/earthquakes/eventpage/ci37509400,-116.2826667,33.4075,0.33
94,ak12375995,,,,,,0.8,ml,,ak,,"10km WSW of Healy, Alaska",0.34,10,",ak,",reviewed,2016-01-01 14:45:31.000,"M 0.8 - 10km WSW of Healy, Alaska",0,-540.0,2016-01-05 23:28:35.005,https://earthquake.usgs.gov/earthquakes/eventpage/ak12375995,-149.1644,63.8276,13.2
95,nn00524968,,,0.077,,115.47,0.8,ml,,nn,19.0,"76km W of Alamo, Nevada",0.1707,10,",nn,",reviewed,2016-01-01 14:37:41.579,"M 0.8 - 76km W of Alamo, Nevada",0,-480.0,2016-01-01 16:07:44.246,https://earthquake.usgs.gov/earthquakes/eventpage/nn00524968,-116.0122,37.2493,6.1
96,ci37509392,,,0.06614,,96.0,0.51,ml,,ci,24.0,"18km ESE of Anza, CA",0.13,4,",ci,",reviewed,2016-01-01 14:30:18.750,"M 0.5 - 18km ESE of Anza, CA",0,-480.0,2016-03-29 21:22:27.965,https://earthquake.usgs.gov/earthquakes/eventpage/ci37509392,-116.492,33.4871667,13.28
97,mb80118484,,,0.189,,82.0,0.92,ml,,mb,7.0,"32km NE of Dillon, Montana",0.05,13,",mb,",reviewed,2016-01-01 14:27:34.810,"M 0.9 - 32km NE of Dillon, Montana",0,-420.0,2016-01-04 22:38:11.860,https://earthquake.usgs.gov/earthquakes/eventpage/mb80118484,-112.3381667,45.4135,8.01
98,ak12375108,,,,,,1.8,ml,,ak,,"129km WNW of Haines Junction, Canada",0.58,50,",ak,",reviewed,2016-01-01 14:16:58.000,"M 1.8 - 129km WNW of Haines Junction, Canada",0,-480.0,2016-01-08 01:05:13.150,https://earthquake.usgs.gov/earthquakes/eventpage/ak12375108,-139.6482,61.266,6.7
99,nn00524972,,,0.097,,147.14,0.3,ml,,nn,5.0,"18km E of Hawthorne, Nevada",0.1567,1,",nn,",reviewed,2016-01-01 14:12:20.569,"M 0.3 - 18km E of Hawthorne, Nevada",0,-480.0,2016-01-01 15:30:48.852,https://earthquake.usgs.gov/earthquakes/eventpage/nn00524972,-118.4139,38.5115,4.7
100,ak12375104,,,,,,1.7,ml,,ak,,"58km N of Nikiski, Alaska",0.31,44,",ak,",reviewed,2016-01-01 14:06:45.000,"M 1.7 - 58km N of Nikiski, Alaska",0,-540.0,2016-01-05 23:28:22.095,https://earthquake.usgs.gov/earthquakes/eventpage/ak12375104,-151.2407,61.2167,65.8
101,ak12374215,,,,,,1.1,ml,,ak,,"29km WSW of Salcha, Alaska",0.51,19,",ak,",reviewed,2016-01-01 13:41:40.000,"M 1.1 - 29km WSW of Salcha, Alaska",0,-540.0,2016-01-05 23:28:37.655,https://earthquake.usgs.gov/earthquakes/eventpage/ak12374215,-147.4556,64.4083,9.9
102,nc72572310,,3.4,0.08378,27.0,77.0,2.58,md,,nc,39.0,"2km W of Redwood Valley, California",0.05,112,",nc,",reviewed,2016-01-01 13:40:30.650,"M 2.6 - 2km W of Redwood Valley, California",0,-480.0,2017-02-09 18:03:11.400,https://earthquake.usgs.gov/earthquakes/eventpage/nc72572310,-123.2296667,39.2683333,6.07
103,nc72572315,,,0.01802,,118.0,0.53,md,,nc,7.0,Northern California,0.01,4,",nc,",automatic,2016-01-01 13:39:33.360,M 0.5 - Northern California,0,,2017-02-09 18:03:02.861,https://earthquake.usgs.gov/earthquakes/eventpage/nc72572315,-122.7743301,38.8018341,1.52
104,mb80118284,,,0.198,,80.0,1.64,ml,,mb,13.0,"17km NE of Three Forks, Montana",0.22,41,",mb,",reviewed,2016-01-01 13:36:54.990,"M 1.6 - 17km NE of Three Forks, Montana",0,-420.0,2016-01-01 16:44:20.740,https://earthquake.usgs.gov/earthquakes/eventpage/mb80118284,-111.41,46.009,5.0
105,mb80118279,,,0.205,,83.0,1.22,ml,,mb,8.0,"16km NE of Three Forks, Montana",0.08,23,",mb,",reviewed,2016-01-01 13:35:52.510,"M 1.2 - 16km NE of Three Forks, Montana",0,-420.0,2016-01-01 16:38:31.820,https://earthquake.usgs.gov/earthquakes/eventpage/mb80118279,-111.4285,46.0125,0.82
106,mb80118489,,,0.199,,83.0,0.93,ml,,mb,8.0,"17km NE of Three Forks, Montana",0.11,13,",mb,",reviewed,2016-01-01 13:30:00.900,"M 0.9 - 17km NE of Three Forks, Montana",0,-420.0,2016-01-04 22:44:19.790,https://earthquake.usgs.gov/earthquakes/eventpage/mb80118489,-111.4258333,46.0195,4.02
107,nc72572305,,,0.009009,,171.0,0.63,md,,nc,10.0,"3km SE of The Geysers, California",0.05,6,",nc,",reviewed,2016-01-01 13:27:32.160,"M 0.6 - 3km SE of The Geysers, California",0,-480.0,2017-02-09 18:02:57.812,https://earthquake.usgs.gov/earthquakes/eventpage/nc72572305,-122.73,38.7535,0.57
108,mb80118274,,1.0,0.198,0.0,70.0,2.62,ml,,mb,24.0,"17km NE of Three Forks, Montana",0.23,106,",mb,",reviewed,2016-01-01 13:26:38.020,"M 2.6 - 17km NE of Three Forks, Montana",0,-420.0,2016-01-01 16:29:28.682,https://earthquake.usgs.gov/earthquakes/eventpage/mb80118274,-111.4226667,46.0185,3.95
109,ak12374203,,,,,,2.2,ml,,ak,,"35km E of Y, Alaska",0.58,74,",ak,",reviewed,2016-01-01 13:22:05.000,"M 2.2 - 35km E of Y, Alaska",0,-540.0,2016-01-05 23:28:37.000,https://earthquake.usgs.gov/earthquakes/eventpage/ak12374203,-149.1795,62.1428,13.5
110,ak12374194,,,,,,0.2,ml,,ak,,"9km N of North Nenana, Alaska",0.48,1,",ak,",reviewed,2016-01-01 13:01:12.000,"M 0.2 - 9km N of North Nenana, Alaska",0,-540.0,2016-01-05 23:28:32.945,https://earthquake.usgs.gov/earthquakes/eventpage/ak12374194,-149.1393,64.665,12.2
111,ak12374189,,,,,,1.6,ml,,ak,,"1km NW of Glennallen, Alaska",0.73,39,",ak,",reviewed,2016-01-01 12:54:50.000,"M 1.6 - 1km NW of Glennallen, Alaska",0,-540.0,2016-01-05 23:28:36.283,https://earthquake.usgs.gov/earthquakes/eventpage/ak12374189,-145.5684,62.1232,18.4
112,nc72572300,,,0.005405,,62.0,1.06,md,,nc,18.0,"9km WNW of Cobb, California",0.02,17,",nc,",automatic,2016-01-01 12:37:59.110,"M 1.1 - 9km WNW of Cobb, California",0,-480.0,2017-02-09 18:02:52.551,https://earthquake.usgs.gov/earthquakes/eventpage/nc72572300,-122.8311691,38.8428345,2.15
113,us10004bn3,,1.0,,0.0,,2.5,ml,,us,,"76km SSW of Nikolski, Alaska",0.36,96,",ak,us,",reviewed,2016-01-01 12:36:14.000,"M 2.5 - 76km SSW of Nikolski, Alaska",0,-660.0,2016-03-28 22:09:32.040,https://earthquake.usgs.gov/earthquakes/eventpage/us10004bn3,-169.407,52.3386,19.2
114,ak12439408,,,,,,1.4,ml,,ak,,"58km WSW of Talkeetna, Alaska",0.35,30,",ak,",reviewed,2016-01-01 12:35:06.000,"M 1.4 - 58km WSW of Talkeetna, Alaska",0,-540.0,2016-01-05 23:28:25.813,https://earthquake.usgs.gov/earthquakes/eventpage/ak12439408,-151.0362,62.0317,64.7
115,ci37509384,,,0.04113,,81.0,0.26,ml,,ci,24.0,"14km WNW of Anza, CA",0.08,1,",ci,",reviewed,2016-01-01 12:34:20.100,"M 0.3 - 14km WNW of Anza, CA",0,-480.0,2016-03-29 21:29:22.478,https://earthquake.usgs.gov/earthquakes/eventpage/ci37509384,-116.8126667,33.6006667,8.4
116,nn00524962,,,0.096,,199.85,-0.3,ml,,nn,4.0,"16km ESE of Hawthorne, Nevada",0.0503,1,",nn,",reviewed,2016-01-01 12:33:44.686,"M -0.3 - 16km ESE of Hawthorne, Nevada",0,-480.0,2016-01-01 12:47:44.562,https://earthquake.usgs.gov/earthquakes/eventpage/nn00524962,-118.4355,38.4922,8.3
117,nc72572295,,,0.2216,,220.0,1.71,md,,nc,31.0,"33km WNW of San Simeon, California",0.12,45,",nc,",reviewed,2016-01-01 12:31:23.140,"M 1.7 - 33km WNW of San Simeon, California",0,-480.0,2017-02-09 18:02:47.008,https://earthquake.usgs.gov/earthquakes/eventpage/nc72572295,-121.5425,35.7275,6.09
118,us10004aqn,,1.0,0.083,0.0,88.0,2.1,ml,,us,,"11km NNW of Caldwell, Kansas",0.43,68,",us,is,ismpkansas,",reviewed,2016-01-01 12:25:51.710,"M 2.1 - 11km NNW of Caldwell, Kansas",0,-360.0,2016-03-28 22:09:32.040,https://earthquake.usgs.gov/earthquakes/eventpage/us10004aqn,-97.6595,37.1305,5.86
119,nn00524959,,,0.255,,154.26,1.0,ml,,nn,21.0,"71km W of Alamo, Nevada",0.2221,15,",nn,",reviewed,2016-01-01 12:23:14.950,"M 1.0 - 71km W of Alamo, Nevada",0,-480.0,2016-01-01 12:47:43.119,https://earthquake.usgs.gov/earthquakes/eventpage/nn00524959,-115.9603,37.4539,5.8
120,ak12373308,,,,,,0.5,ml,,ak,,"28km WSW of Salcha, Alaska",0.45,4,",ak,",reviewed,2016-01-01 12:12:27.000,"M 0.5 - 28km WSW of Salcha, Alaska",0,-540.0,2016-01-05 23:22:52.601,https://earthquake.usgs.gov/earthquakes/eventpage/ak12373308,-147.4487,64.4145,8.6
121,us10004dd7,,,2.526,,203.0,4.3,mb,,us,,"169km NW of Arawa, Papua New Guinea",0.99,284,",us,",reviewed,2016-01-01 12:06:37.230,"M 4.3 - 169km NW of Arawa, Papua New Guinea",0,660.0,2016-03-28 22:09:32.040,https://earthquake.usgs.gov/earthquakes/eventpage/us10004dd7,154.5541,-5.0355,35.0
122,nn00524963,,,0.271,,311.65,0.3,ml,,nn,7.0,"73km W of Alamo, Nevada",0.1986,1,",nn,",reviewed,2016-01-01 12:04:33.381,"M 0.3 - 73km W of Alamo, Nevada",0,-480.0,2016-01-01 12:38:10.110,https://earthquake.usgs.gov/earthquakes/eventpage/nn00524963,-115.9837,37.4518,0.0
123,us10004aqg,green,5.4,,815.0,49.0,4.2,mwr,4.58,us,,"6km ENE of Edmond, Oklahoma",0.81,711,",us,",reviewed,2016-01-01 11:39:39.800,"M 4.2 - 6km ENE of Edmond, Oklahoma",0,-360.0,2018-05-25 13:18:12.649,https://earthquake.usgs.gov/earthquakes/eventpage/us10004aqg,-97.4065,35.6688,5.825
124,nn00524961,,,0.018,,133.99,-0.2,ml,,nn,4.0,"2km S of Golden Valley, Nevada",0.1576,1,",nn,",reviewed,2016-01-01 11:38:31.290,"M -0.2 - 2km S of Golden Valley, Nevada",0,-480.0,2016-01-01 12:35:00.724,https://earthquake.usgs.gov/earthquakes/eventpage/nn00524961,-119.8265,39.5965,2.0
125,ak12373299,,,,,,0.0,ml,,ak,,"22km SSW of Ester, Alaska",0.24,0,",ak,",reviewed,2016-01-01 11:35:44.000,"M 0.0 - 22km SSW of Ester, Alaska",0,-540.0,2016-01-05 23:22:27.044,https://earthquake.usgs.gov/earthquakes/eventpage/ak12373299,-148.2594,64.6764,9.1
126,mb80118254,,,0.202,,83.0,1.38,ml,,mb,10.0,"16km NE of Three Forks, Montana",0.1,29,",mb,",reviewed,2016-01-01 11:25:55.950,"M 1.4 - 16km NE of Three Forks, Montana",0,-420.0,2016-01-01 16:34:26.870,https://earthquake.usgs.gov/earthquakes/eventpage/mb80118254,-111.4281667,46.0178333,1.2
127,us10004aqc,,2.7,,1.0,66.0,3.0,ml,,us,,"10km W of Medford, Oklahoma",0.65,139,",us,",reviewed,2016-01-01 11:25:04.500,"M 3.0 - 10km W of Medford, Oklahoma",0,-360.0,2016-03-28 22:09:32.040,https://earthquake.usgs.gov/earthquakes/eventpage/us10004aqc,-97.8514,36.8042,5.454
128,mb80118499,,,0.196,,155.0,0.45,md,,mb,6.0,"17km NE of Three Forks, Montana",0.04,3,",mb,",reviewed,2016-01-01 11:19:16.150,"M 0.5 - 17km NE of Three Forks, Montana",0,-420.0,2016-01-04 22:53:11.470,https://earthquake.usgs.gov/earthquakes/eventpage/mb80118499,-111.4133333,46.0143333,5.91
129,us10004aqb,,1.0,0.625,0.0,54.0,4.5,mb,,us,,"44km SSW of Jarm, Afghanistan",0.96,312,",us,",reviewed,2016-01-01 11:16:49.860,"M 4.5 - 44km SSW of Jarm, Afghanistan",0,270.0,2016-03-28 22:09:32.040,https://earthquake.usgs.gov/earthquakes/eventpage/us10004aqb,70.6274,36.5007,202.74
130,ak12439405,,,,,,1.3,ml,,ak,,"117km ENE of Circle, Alaska",0.44,26,",ak,",reviewed,2016-01-01 11:11:59.000,"M 1.3 - 117km ENE of Circle, Alaska",0,-540.0,2016-01-08 01:05:15.231,https://earthquake.usgs.gov/earthquakes/eventpage/ak12439405,-141.5472,66.0571,30.4
131,ci37509376,,,0.03829,,57.0,0.24,ml,,ci,20.0,"6km WSW of Anza, CA",0.09,1,",ci,",reviewed,2016-01-01 11:03:07.390,"M 0.2 - 6km WSW of Anza, CA",0,-480.0,2016-03-29 21:40:03.005,https://earthquake.usgs.gov/earthquakes/eventpage/ci37509376,-116.73,33.5275,2.7
132,nc72572290,,,0.009009,,78.0,0.62,md,,nc,10.0,"9km NW of The Geysers, California",0.02,6,",nc,",automatic,2016-01-01 11:00:21.840,"M 0.6 - 9km NW of The Geysers, California",0,-480.0,2017-02-09 18:02:41.300,https://earthquake.usgs.gov/earthquakes/eventpage/nc72572290,-122.8460007,38.824501,1.95
133,ci37509368,,,0.1005,,87.0,1.05,ml,,ci,24.0,"23km ENE of Pine Valley, CA",0.17,17,",ci,",reviewed,2016-01-01 10:57:13.630,"M 1.1 - 23km ENE of Pine Valley, CA",0,-480.0,2016-03-29 21:43:05.762,https://earthquake.usgs.gov/earthquakes/eventpage/ci37509368,-116.3041667,32.9068333,9.37
134,nc72572285,,,0.01081,,49.0,1.44,md,,nc,47.0,"0km E of The Geysers, California",0.08,32,",nc,",reviewed,2016-01-01 10:54:25.460,"M 1.4 - 0km E of The Geysers, California",0,-480.0,2017-02-09 18:02:34.770,https://earthquake.usgs.gov/earthquakes/eventpage/nc72572285,-122.7555,38.7773333,0.95
135,nn00524951,,,0.099,,152.76,0.1,ml,,nn,5.0,"19km E of Hawthorne, Nevada",0.1958,0,",nn,",reviewed,2016-01-01 10:47:47.737,"M 0.1 - 19km E of Hawthorne, Nevada",0,-480.0,2016-01-01 12:10:10.280,https://earthquake.usgs.gov/earthquakes/eventpage/nn00524951,-118.4062,38.5178,7.1
136,nc72572280,,,0.005405,,109.0,0.32,md,,nc,9.0,"9km W of Cobb, California",0.01,2,",nc,",automatic,2016-01-01 10:47:32.160,"M 0.3 - 9km W of Cobb, California",0,-480.0,2017-02-09 18:02:26.069,https://earthquake.usgs.gov/earthquakes/eventpage/nc72572280,-122.8290024,38.8381653,2.14
137,nn00524960,,,0.097,,168.21,0.5,ml,,nn,5.0,"65km E of Big Pine, California",0.1144,4,",nn,",reviewed,2016-01-01 10:42:37.825,"M 0.5 - 65km E of Big Pine, California",0,-480.0,2016-01-01 12:31:51.269,https://earthquake.usgs.gov/earthquakes/eventpage/nn00524960,-117.5575,37.1662,10.0
138,us10004aq7,,,0.762,,147.0,4.0,mwr,,us,,"97km WNW of Santa Cruz, Chile",0.71,246,",us,",reviewed,2016-01-01 10:28:52.940,"M 4.0 - 97km WNW of Santa Cruz, Chile",0,-300.0,2016-03-28 22:09:32.040,https://earthquake.usgs.gov/earthquakes/eventpage/us10004aq7,-72.3718,-34.3384,19.64
139,us10004aq6,,,0.835,,135.0,4.5,mb,,us,,"88km W of Karakul, Tajikistan",0.6,312,",us,",reviewed,2016-01-01 10:27:53.510,"M 4.5 - 88km W of Karakul, Tajikistan",0,300.0,2016-03-28 22:09:32.040,https://earthquake.usgs.gov/earthquakes/eventpage/us10004aq6,72.5535,38.8837,10.0
140,ci37509360,,,0.1328,,104.0,1.18,ml,,ci,22.0,"22km ESE of Bodfish, CA",0.16,21,",ci,",reviewed,2016-01-01 10:14:34.770,"M 1.2 - 22km ESE of Bodfish, CA",0,-480.0,2016-03-29 21:40:01.605,https://earthquake.usgs.gov/earthquakes/eventpage/ci37509360,-118.2901667,35.4845,2.39
141,nc72572275,,,0.1595,,115.0,1.87,md,,nc,22.0,"10km SSE of Redway, California",0.09,54,",nc,",reviewed,2016-01-01 10:13:31.300,"M 1.9 - 10km SSE of Redway, California",0,-480.0,2017-02-09 18:02:20.846,https://earthquake.usgs.gov/earthquakes/eventpage/nc72572275,-123.7636667,40.0331667,15.33
142,ak12372425,,,,,,1.7,ml,,ak,,"88km NW of Talkeetna, Alaska",0.42,44,",ak,",reviewed,2016-01-01 10:12:02.000,"M 1.7 - 88km NW of Talkeetna, Alaska",0,-540.0,2016-01-05 23:23:01.561,https://earthquake.usgs.gov/earthquakes/eventpage/ak12372425,-151.1931,62.9398,126.6
143,nc72572270,,,0.004505,,104.0,0.09,md,,nc,13.0,"8km NW of The Geysers, California",0.12,0,",nc,",reviewed,2016-01-01 10:06:35.240,"M 0.1 - 8km NW of The Geysers, California",0,-480.0,2017-02-09 18:02:15.423,https://earthquake.usgs.gov/earthquakes/eventpage/nc72572270,-122.829,38.8245,7.68
144,ak12372424,,,,,,0.5,ml,,ak,,"3km WSW of North Nenana, Alaska",0.36,4,",ak,",reviewed,2016-01-01 10:05:15.000,"M 0.5 - 3km WSW of North Nenana, Alaska",0,-540.0,2016-01-05 23:22:55.748,https://earthquake.usgs.gov/earthquakes/eventpage/ak12372424,-149.1873,64.5695,15.5
145,ak12439402,,,,,,2.1,ml,,ak,,"86km N of Shishmaref, Alaska",0.85,68,",ak,",reviewed,2016-01-01 09:50:19.000,"M 2.1 - 86km N of Shishmaref, Alaska",0,-660.0,2016-01-08 01:05:14.447,https://earthquake.usgs.gov/earthquakes/eventpage/ak12439402,-165.8809,67.0266,28.7
146,mb80118249,,,0.192,,156.0,0.97,ml,,mb,6.0,"17km NE of Three Forks, Montana",0.02,14,",mb,",reviewed,2016-01-01 09:44:05.680,"M 1.0 - 17km NE of Three Forks, Montana",0,-420.0,2016-01-01 17:10:47.670,https://earthquake.usgs.gov/earthquakes/eventpage/mb80118249,-111.405,46.0143333,10.11
147,nm60099522,,,0.03695,,69.0,1.24,md,,nm,9.0,"9km SSE of Ridgely, Tennessee",0.08,24,",nm,",reviewed,2016-01-01 09:41:38.620,"M 1.2 - 9km SSE of Ridgely, Tennessee",0,-360.0,2016-01-11 15:20:59.700,https://earthquake.usgs.gov/earthquakes/eventpage/nm60099522,-89.457,36.1773333,10.02
148,nc72572265,,,0.008108,,111.0,0.56,md,,nc,6.0,"7km NW of The Geysers, California",0.01,5,",nc,",automatic,2016-01-01 09:30:02.330,"M 0.6 - 7km NW of The Geysers, California",0,-480.0,2017-02-09 18:02:10.083,https://earthquake.usgs.gov/earthquakes/eventpage/nc72572265,-122.8193359,38.8191681,1.93
149,ak12439401,,,,,,2.4,ml,,ak,,"53km SSW of Larsen Bay, Alaska",0.48,89,",ak,",reviewed,2016-01-01 09:29:25.000,"M 2.4 - 53km SSW of Larsen Bay, Alaska",0,-540.0,2016-01-05 23:22:44.950,https://earthquake.usgs.gov/earthquakes/eventpage/ak12439401,-154.3528,57.1004,57.7
150,mb80118244,,,0.195,,148.0,1.0,ml,,mb,7.0,"17km NE of Three Forks, Montana",0.03,15,",mb,",reviewed,2016-01-01 09:28:49.520,"M 1.0 - 17km NE of Three Forks, Montana",0,-420.0,2016-01-01 17:07:09.530,https://earthquake.usgs.gov/earthquakes/eventpage/mb80118244,-111.407,46.0113333,7.97
151,ak12372422,,,,,,1.7,ml,,ak,,"61km WSW of Anchor Point, Alaska",0.41,44,",ak,",reviewed,2016-01-01 09:21:18.000,"M 1.7 - 61km WSW of Anchor Point, Alaska",0,-540.0,2016-01-05 23:22:54.551,https://earthquake.usgs.gov/earthquakes/eventpage/ak12372422,-152.8044,59.5238,74.8
152,pr16001002,,1.0,0.39885199,0.0,219.6,2.6,Md,,pr,14.0,"46km NNW of Charlotte Amalie, U.S. Virgin Islands",0.28,104,",pr,us,",REVIEWED,2016-01-01 09:18:26.300,"M 2.6 - 46km NNW of Charlotte Amalie, U.S. Virgin Islands",0,-240.0,2016-03-28 22:09:31.040,https://earthquake.usgs.gov/earthquakes/eventpage/pr16001002,-65.097,18.7287,20.0
153,us10004apy,,,,,53.0,2.5,ml,,us,,"6km ENE of Edmond, Oklahoma",0.65,96,",us,",reviewed,2016-01-01 09:15:27.500,"M 2.5 - 6km ENE of Edmond, Oklahoma",0,-360.0,2016-03-28 22:09:31.040,https://earthquake.usgs.gov/earthquakes/eventpage/us10004apy,-97.4027,35.6661,6.088
154,us10004apx,,1.0,,0.0,,4.1,mb,,us,,"2km NNE of Saricakaya, Turkey",0.58,259,",us,",reviewed,2016-01-01 09:11:14.070,"M 4.1 - 2km NNE of Saricakaya, Turkey",0,120.0,2016-03-28 22:09:31.040,https://earthquake.usgs.gov/earthquakes/eventpage/us10004apx,30.527,40.053,5.0
155,us10004apw,,,0.779,,66.0,4.5,mb,,us,,"94km ENE of Shughnon, Tajikistan",1.28,312,",us,",reviewed,2016-01-01 09:09:25.060,"M 4.5 - 94km ENE of Shughnon, Tajikistan",0,300.0,2016-03-28 22:09:31.040,https://earthquake.usgs.gov/earthquakes/eventpage/us10004apw,72.5048,37.9288,15.18
156,nn00524950,,,0.152,,219.9,1.1,ml,,nn,5.0,"69km ESE of Lakeview, Oregon",0.1714,19,",nn,",reviewed,2016-01-01 09:06:53.500,"M 1.1 - 69km ESE of Lakeview, Oregon",0,-480.0,2016-01-01 12:07:00.769,https://earthquake.usgs.gov/earthquakes/eventpage/nn00524950,-119.6129,41.8837,4.7
157,nn00524949,,,0.162,,222.93,1.7,ml,,nn,5.0,"70km ESE of Lakeview, Oregon",0.0942,44,",nn,",reviewed,2016-01-01 09:02:37.003,"M 1.7 - 70km ESE of Lakeview, Oregon",0,-480.0,2016-01-01 16:26:20.341,https://earthquake.usgs.gov/earthquakes/eventpage/nn00524949,-119.6128,41.8648,6.1
158,us10004aps,,,,,165.0,2.5,ml,,us,,"17km N of Fairview, Oklahoma",0.37,96,",us,",reviewed,2016-01-01 08:55:21.100,"M 2.5 - 17km N of Fairview, Oklahoma",0,-360.0,2016-03-28 22:09:31.040,https://earthquake.usgs.gov/earthquakes/eventpage/us10004aps,-98.4933,36.4265,3.937
159,us10004apt,,1.0,1.469,0.0,113.0,4.6,mb,,us,,"164km E of Hachijo-jima, Japan",0.81,326,",us,",reviewed,2016-01-01 08:46:58.690,"M 4.6 - 164km E of Hachijo-jima, Japan",0,540.0,2016-03-28 22:09:31.040,https://earthquake.usgs.gov/earthquakes/eventpage/us10004apt,141.5632,33.0632,10.0
160,ci37509352,,,0.04547,,70.0,0.7,ml,,ci,27.0,"13km NNE of Thousand Palms, CA",0.12,8,",ci,",reviewed,2016-01-01 08:44:51.650,"M 0.7 - 13km NNE of Thousand Palms, CA",0,-480.0,2016-03-29 21:19:57.168,https://earthquake.usgs.gov/earthquakes/eventpage/ci37509352,-116.3543333,33.9361667,6.77
161,nn00524948,,,0.161,,98.86,2.3,ml,,nn,8.0,"70km ESE of Lakeview, Oregon",0.2025,81,",nn,",reviewed,2016-01-01 08:42:59.919,"M 2.3 - 70km ESE of Lakeview, Oregon",0,-480.0,2016-01-01 12:03:52.417,https://earthquake.usgs.gov/earthquakes/eventpage/nn00524948,-119.6142,41.8655,10.0
162,pr16001001,,2.0,0.80309386,1.0,298.8,2.6,Md,,pr,3.0,"83km NNE of Punta Cana, Dominican Republic",0.25,104,",pr,us,",REVIEWED,2016-01-01 08:41:23.400,"M 2.6 - 83km NNE of Punta Cana, Dominican Republic",0,-300.0,2016-03-28 22:09:31.040,https://earthquake.usgs.gov/earthquakes/eventpage/pr16001001,-68.1104,19.2789,24.0
163,nn00524955,,,0.151,,220.54,1.4,ml,,nn,4.0,"69km ESE of Lakeview, Oregon",0.0382,30,",nn,",reviewed,2016-01-01 08:38:14.433,"M 1.4 - 69km ESE of Lakeview, Oregon",0,-480.0,2016-01-01 12:03:52.927,https://earthquake.usgs.gov/earthquakes/eventpage/nn00524955,-119.6173,41.879,7.4
164,nn00524947,,,0.166,,209.62,1.9,ml,,nn,6.0,"70km ESE of Lakeview, Oregon",0.1798,56,",nn,",reviewed,2016-01-01 08:37:24.234,"M 1.9 - 70km ESE of Lakeview, Oregon",0,-480.0,2016-01-01 12:00:38.617,https://earthquake.usgs.gov/earthquakes/eventpage/nn00524947,-119.6158,41.8554,8.6
165,nc72572260,,,0.01351,,78.0,1.41,md,,nc,38.0,"1km WNW of The Geysers, California",0.06,31,",nc,",reviewed,2016-01-01 08:36:16.950,"M 1.4 - 1km WNW of The Geysers, California",0,-480.0,2017-02-09 18:02:03.080,https://earthquake.usgs.gov/earthquakes/eventpage/nc72572260,-122.7746667,38.7846667,3.44
166,ak12371550,,,,,,0.8,ml,,ak,,"37km WNW of Cantwell, Alaska",0.27,10,",ak,",reviewed,2016-01-01 08:22:50.000,"M 0.8 - 37km WNW of Cantwell, Alaska",0,-540.0,2016-01-05 23:22:57.099,https://earthquake.usgs.gov/earthquakes/eventpage/ak12371550,-149.6603,63.489,3.2
167,se60099517,,1.0,0.09861,0.0,189.0,2.27,md,,se,12.0,"6km E of Kingston, Tennessee",0.07,79,",se,",reviewed,2016-01-01 07:59:08.700,"M 2.3 - 6km E of Kingston, Tennessee",0,-300.0,2016-01-11 15:43:44.218,https://earthquake.usgs.gov/earthquakes/eventpage/se60099517,-84.4383333,35.872,11.6
168,nn00524946,,,0.094,,147.24,0.0,ml,,nn,5.0,"18km E of Hawthorne, Nevada",0.1389,0,",nn,",reviewed,2016-01-01 07:55:57.567,"M 0.0 - 18km E of Hawthorne, Nevada",0,-480.0,2016-01-01 12:28:41.449,https://earthquake.usgs.gov/earthquakes/eventpage/nn00524946,-118.4107,38.5095,4.8
169,nc72572250,,,0.01532,,123.0,1.1,md,,nc,39.0,"7km SSW of The Geysers, California",0.08,19,",nc,",reviewed,2016-01-01 07:49:39.600,"M 1.1 - 7km SSW of The Geysers, California",0,-480.0,2017-02-09 18:01:54.490,https://earthquake.usgs.gov/earthquakes/eventpage/nc72572250,-122.7763333,38.7095,6.09
170,nc72572245,,,0.007207,,129.0,0.76,md,,nc,6.0,"6km WNW of Cobb, California",0.02,9,",nc,",automatic,2016-01-01 07:48:43.900,"M 0.8 - 6km WNW of Cobb, California",0,-480.0,2017-02-09 18:01:48.945,https://earthquake.usgs.gov/earthquakes/eventpage/nc72572245,-122.793335,38.8483315,1.41
171,ak12371549,,1.0,,0.0,,2.5,ml,,ak,,"41km N of Amatignak Island, Alaska",0.36,96,",ak,",reviewed,2016-01-01 07:45:46.000,"M 2.5 - 41km N of Amatignak Island, Alaska",0,-600.0,2016-01-05 23:24:12.271,https://earthquake.usgs.gov/earthquakes/eventpage/ak12371549,-179.0813,51.6314,89.0
172,ak12439397,,,,,,1.4,ml,,ak,,"78km WSW of Cantwell, Alaska",0.5,30,",ak,",reviewed,2016-01-01 07:39:39.000,"M 1.4 - 78km WSW of Cantwell, Alaska",0,-540.0,2016-01-05 23:22:47.091,https://earthquake.usgs.gov/earthquakes/eventpage/ak12439397,-150.4795,63.229,110.9
173,ak12371546,,,,,,1.5,ml,,ak,,"29km ESE of Glennallen, Alaska",0.73,35,",ak,",reviewed,2016-01-01 07:23:08.000,"M 1.5 - 29km ESE of Glennallen, Alaska",0,-540.0,2016-01-08 01:05:17.199,https://earthquake.usgs.gov/earthquakes/eventpage/ak12371546,-145.0035,62.046,10.0
174,mb80118239,,,0.146,,190.0,1.01,md,,mb,9.0,"8km NNE of Helena Valley Northwest, Montana",0.15,16,",mb,",reviewed,2016-01-01 07:22:42.640,"M 1.0 - 8km NNE of Helena Valley Northwest, Montana",0,-420.0,2016-01-01 16:51:31.140,https://earthquake.usgs.gov/earthquakes/eventpage/mb80118239,-112.0085,46.791,5.0
175,ci37509344,,,0.08356,,156.0,0.37,ml,,ci,7.0,"4km S of Devore, CA",0.08,2,",ci,",reviewed,2016-01-01 07:22:23.360,"M 0.4 - 4km S of Devore, CA",0,-480.0,2016-03-29 21:36:32.772,https://earthquake.usgs.gov/earthquakes/eventpage/ci37509344,-117.4011667,34.1896667,7.57
176,ci37509336,,,0.01805,,107.0,0.96,ml,,ci,40.0,"6km SE of Ontario, CA",0.12,14,",ci,",reviewed,2016-01-01 07:15:54.930,"M 1.0 - 6km SE of Ontario, CA",0,-480.0,2016-03-29 21:43:04.375,https://earthquake.usgs.gov/earthquakes/eventpage/ci37509336,-117.576,34.0181667,8.11
177,nc72572240,,,0.006306,,142.0,0.45,md,,nc,12.0,"10km ESE of Mammoth Lakes, California",0.06,3,",nc,",reviewed,2016-01-01 07:11:46.830,"M 0.5 - 10km ESE of Mammoth Lakes, California",0,-480.0,2017-02-09 18:01:43.824,https://earthquake.usgs.gov/earthquakes/eventpage/nc72572240,-118.8671667,37.6131667,0.77
178,ci37509328,,,0.04068,,180.0,1.25,ml,,ci,14.0,"12km WNW of Progreso, B.C., MX",0.18,24,",ci,",reviewed,2016-01-01 07:11:39.620,"M 1.3 - 12km WNW of Progreso, B.C., MX",0,-480.0,2016-03-29 21:40:00.187,https://earthquake.usgs.gov/earthquakes/eventpage/ci37509328,-115.7065,32.6121667,8.33
179,hv61139821,,,0.008959,,81.0,2.05,ml,,hv,31.0,"5km S of Volcano, Hawaii",0.09,65,",hv,",reviewed,2016-01-01 07:09:05.410,"M 2.1 - 5km S of Volcano, Hawaii",0,-600.0,2016-01-07 00:46:32.760,https://earthquake.usgs.gov/earthquakes/eventpage/hv61139821,-155.235,19.3808333,2.749
180,us10004apm,,3.8,,7.0,34.0,2.5,ml,,us,,"6km ENE of Edmond, Oklahoma",0.62,99,",us,",reviewed,2016-01-01 06:57:19.500,"M 2.5 - 6km ENE of Edmond, Oklahoma",0,-360.0,2016-03-28 22:09:31.040,https://earthquake.usgs.gov/earthquakes/eventpage/us10004apm,-97.4084,35.6721,5.779
181,nn00524945,,,0.208,,200.56,0.7,ml,,nn,6.0,"33km SE of Big Pine, California",0.1662,8,",nn,",reviewed,2016-01-01 06:55:29.371,"M 0.7 - 33km SE of Big Pine, California",0,-480.0,2016-01-01 12:25:33.104,https://earthquake.usgs.gov/earthquakes/eventpage/nn00524945,-117.9863,36.9821,14.8
182,ci37509320,,,0.04123,,173.0,1.54,ml,,ci,20.0,"12km WNW of Progreso, B.C., MX",0.23,36,",ci,",reviewed,2016-01-01 06:48:33.100,"M 1.5 - 12km WNW of Progreso, B.C., MX",0,-480.0,2016-03-29 21:36:31.403,https://earthquake.usgs.gov/earthquakes/eventpage/ci37509320,-115.7006667,32.6141667,10.18
183,ci37509312,,,0.1625,,53.0,1.91,ml,,ci,22.0,"40km ENE of Olancha, CA",0.14,56,",ci,nn,",reviewed,2016-01-01 06:46:13.380,"M 1.9 - 40km ENE of Olancha, CA",0,-480.0,2016-03-29 21:22:26.391,https://earthquake.usgs.gov/earthquakes/eventpage/ci37509312,-117.6291667,36.4678333,1.97
184,nc72572230,,,0.001802,,60.0,0.96,md,,nc,17.0,"4km NW of The Geysers, California",0.03,14,",nc,",automatic,2016-01-01 06:45:57.330,"M 1.0 - 4km NW of The Geysers, California",0,-480.0,2017-02-09 18:01:38.710,https://earthquake.usgs.gov/earthquakes/eventpage/nc72572230,-122.7928314,38.8074989,0.24
185,nc72572235,,,0.003604,,132.0,0.32,md,,nc,8.0,"10km ESE of Mammoth Lakes, California",0.03,2,",nc,",reviewed,2016-01-01 06:43:35.390,"M 0.3 - 10km ESE of Mammoth Lakes, California",0,-480.0,2017-02-09 18:01:30.809,https://earthquake.usgs.gov/earthquakes/eventpage/nc72572235,-118.8615,37.6153333,0.81
186,mb80118504,,,0.198,,156.0,0.45,md,,mb,5.0,"17km NE of Three Forks, Montana",0.03,3,",mb,",reviewed,2016-01-01 06:42:15.160,"M 0.5 - 17km NE of Three Forks, Montana",0,-420.0,2016-01-04 23:20:55.890,https://earthquake.usgs.gov/earthquakes/eventpage/mb80118504,-111.4106667,46.0103333,5.88
187,nn00524943,,,0.161,,209.81,1.7,ml,,nn,6.0,"70km ESE of Lakeview, Oregon",0.1886,44,",nn,",reviewed,2016-01-01 06:38:27.504,"M 1.7 - 70km ESE of Lakeview, Oregon",0,-480.0,2016-01-01 11:57:26.125,https://earthquake.usgs.gov/earthquakes/eventpage/nn00524943,-119.6356,41.8455,9.4
188,nn00524942,,,0.167,,209.62,1.7,ml,,nn,6.0,"71km ESE of Lakeview, Oregon",0.1811,44,",nn,",reviewed,2016-01-01 06:27:50.240,"M 1.7 - 71km ESE of Lakeview, Oregon",0,-480.0,2016-01-01 11:57:25.279,https://earthquake.usgs.gov/earthquakes/eventpage/nn00524942,-119.612,41.8568,6.2
189,ci37509304,,,0.07209,,69.0,0.85,ml,,ci,20.0,"15km NNE of Ridgecrest, CA",0.14,11,",ci,",reviewed,2016-01-01 06:26:34.500,"M 0.9 - 15km NNE of Ridgecrest, CA",0,-480.0,2016-03-29 21:29:21.012,https://earthquake.usgs.gov/earthquakes/eventpage/ci37509304,-117.597,35.7435,10.52
190,ak12371540,,,,,,1.6,ml,,ak,,"65km ENE of Cape Yakataga, Alaska",0.3,39,",ak,",reviewed,2016-01-01 06:25:40.000,"M 1.6 - 65km ENE of Cape Yakataga, Alaska",0,-540.0,2016-01-05 23:23:00.911,https://earthquake.usgs.gov/earthquakes/eventpage/ak12371540,-141.2902,60.1958,0.0
191,ci37509296,,,0.05428,,135.0,0.51,ml,,ci,18.0,"19km ESE of Anza, CA",0.12,4,",ci,",reviewed,2016-01-01 06:09:01.050,"M 0.5 - 19km ESE of Anza, CA",0,-480.0,2016-03-29 21:22:25.025,https://earthquake.usgs.gov/earthquakes/eventpage/ci37509296,-116.4828333,33.4975,14.66
192,nc72572225,,,0.002703,,56.0,1.21,md,,nc,43.0,"6km NW of The Geysers, California",0.05,23,",nc,",reviewed,2016-01-01 06:05:42.370,"M 1.2 - 6km NW of The Geysers, California",0,-480.0,2017-02-09 18:01:24.060,https://earthquake.usgs.gov/earthquakes/eventpage/nc72572225,-122.8063333,38.8233333,0.93
193,us10004api,,1.0,0.846,0.0,169.0,4.4,mb,,us,,"37km WNW of Illapel, Chile",0.96,298,",us,",reviewed,2016-01-01 06:03:32.400,"M 4.4 - 37km WNW of Illapel, Chile",0,-180.0,2016-03-28 22:09:31.040,https://earthquake.usgs.gov/earthquakes/eventpage/us10004api,-71.5358,-31.5182,30.65
194,nn00524954,,,0.112,,209.35,1.1,ml,,nn,5.0,"64km ESE of Lakeview, Oregon",0.1653,19,",nn,",reviewed,2016-01-01 06:00:51.540,"M 1.1 - 64km ESE of Lakeview, Oregon",0,-480.0,2016-01-01 11:54:15.599,https://earthquake.usgs.gov/earthquakes/eventpage/nn00524954,-119.6422,41.9423,11.8
195,nc72572220,,,0.01441,,74.0,0.88,md,,nc,11.0,"2km NNW of The Geysers, California",0.02,12,",nc,",automatic,2016-01-01 05:56:51.700,"M 0.9 - 2km NNW of The Geysers, California",0,-480.0,2017-02-09 18:01:12.304,https://earthquake.usgs.gov/earthquakes/eventpage/nc72572220,-122.7718353,38.7994995,1.09
196,ak12439394,,,,,,2.0,ml,,ak,,"95km S of Atka, Alaska",0.15,62,",ak,",reviewed,2016-01-01 05:54:29.000,"M 2.0 - 95km S of Atka, Alaska",0,-720.0,2016-01-05 23:22:46.444,https://earthquake.usgs.gov/earthquakes/eventpage/ak12439394,-174.3395,51.3409,7.0
197,nn00524941,,,0.153,,207.65,2.0,ml,,nn,5.0,"69km ESE of Lakeview, Oregon",0.1217,62,",nn,",reviewed,2016-01-01 05:46:50.393,"M 2.0 - 69km ESE of Lakeview, Oregon",0,-480.0,2016-01-01 11:54:14.745,https://earthquake.usgs.gov/earthquakes/eventpage/nn00524941,-119.6145,41.8786,7.1
198,us10004aph,,1.0,0.254,0.0,191.0,4.4,mb,,us,,"63km WSW of Ovalle, Chile",0.76,298,",us,",reviewed,2016-01-01 05:46:17.430,"M 4.4 - 63km WSW of Ovalle, Chile",0,-180.0,2016-03-28 22:09:31.040,https://earthquake.usgs.gov/earthquakes/eventpage/us10004aph,-71.7693,-30.9008,7.13
199,ci37509288,,,0.00669,,129.0,0.7,ml,,ci,14.0,"16km NE of Little Lake, CA",0.07,8,",ci,",reviewed,2016-01-01 05:34:49.760,"M 0.7 - 16km NE of Little Lake, CA",0,-480.0,2016-03-29 21:29:19.575,https://earthquake.usgs.gov/earthquakes/eventpage/ci37509288,-117.7726667,36.0281667,1.99
200,nc72572215,,,0.02613,,52.0,1.88,md,,nc,61.0,"11km NNE of San Simeon, California",0.07,54,",nc,",reviewed,2016-01-01 05:29:22.410,"M 1.9 - 11km NNE of San Simeon, California",0,-480.0,2017-02-09 18:01:04.890,https://earthquake.usgs.gov/earthquakes/eventpage/nc72572215,-121.1221667,35.7338333,6.46
201,us10004apg,,1.0,,0.0,,4.3,mb,,us,,"12km E of Zapatoca, Colombia",0.88,284,",us,",reviewed,2016-01-01 05:28:57.000,"M 4.3 - 12km E of Zapatoca, Colombia",0,-300.0,2016-03-28 22:09:31.040,https://earthquake.usgs.gov/earthquakes/eventpage/us10004apg,-73.152,6.816,150.8
202,ak12370675,,,,,,1.5,ml,,ak,,"51km ESE of Unalaska, Alaska",0.2,35,",ak,",reviewed,2016-01-01 05:27:38.000,"M 1.5 - 51km ESE of Unalaska, Alaska",0,-600.0,2016-01-05 23:22:58.603,https://earthquake.usgs.gov/earthquakes/eventpage/ak12370675,-165.8684,53.6375,27.4
203,nn00524964,,,0.346,,122.82,0.9,ml,,nn,10.0,"29km ENE of Fallon, Nevada",0.2057,12,",nn,",reviewed,2016-01-01 05:17:56.671,"M 0.9 - 29km ENE of Fallon, Nevada",0,-480.0,2016-01-01 12:57:18.261,https://earthquake.usgs.gov/earthquakes/eventpage/nn00524964,-118.4512,39.5423,8.6
204,ak12439392,,1.0,,0.0,,2.9,ml,,ak,,"110km NW of Fort McPherson, Canada",0.7,129,",ak,",reviewed,2016-01-01 05:10:42.000,"M 2.9 - 110km NW of Fort McPherson, Canada",0,-480.0,2016-01-08 01:06:07.886,https://earthquake.usgs.gov/earthquakes/eventpage/ak12439392,-136.4626,68.2349,27.3
205,nn00524940,,,0.105,,175.73,0.0,ml,,nn,5.0,"9km E of Hawthorne, Nevada",0.0596,0,",nn,",reviewed,2016-01-01 05:05:40.553,"M 0.0 - 9km E of Hawthorne, Nevada",0,-480.0,2016-01-01 12:50:52.095,https://earthquake.usgs.gov/earthquakes/eventpage/nn00524940,-118.5103,38.5238,9.0
206,ci37509272,,,0.05964,,32.0,1.03,ml,,ci,58.0,"6km S of Redlands, CA",0.19,16,",ci,",reviewed,2016-01-01 05:04:23.580,"M 1.0 - 6km S of Redlands, CA",0,-480.0,2016-03-29 21:39:58.776,https://earthquake.usgs.gov/earthquakes/eventpage/ci37509272,-117.1926667,34.0048333,5.56
207,ak12369807,,,,,,2.1,ml,,ak,,"52km WSW of Delta Junction, Alaska",0.67,68,",ak,",reviewed,2016-01-01 04:59:22.000,"M 2.1 - 52km WSW of Delta Junction, Alaska",0,-540.0,2016-01-05 23:22:28.109,https://earthquake.usgs.gov/earthquakes/eventpage/ak12369807,-146.647,63.7883,3.4
208,nc72572210,,,0.07838,,165.0,1.59,md,,nc,9.0,"3km NNE of Red Bluff, California",0.11,39,",nc,",reviewed,2016-01-01 04:51:07.590,"M 1.6 - 3km NNE of Red Bluff, California",0,-480.0,2017-02-09 18:00:55.223,https://earthquake.usgs.gov/earthquakes/eventpage/nc72572210,-122.2273333,40.211,30.75
209,ak12369805,,,,,,1.7,ml,,ak,,"37km W of Willow, Alaska",0.47,44,",ak,",reviewed,2016-01-01 04:48:01.000,"M 1.7 - 37km W of Willow, Alaska",0,-540.0,2016-01-05 23:23:03.086,https://earthquake.usgs.gov/earthquakes/eventpage/ak12369805,-150.7399,61.764,65.5
210,us10004bew,,2.7,1.039,5.0,94.0,4.5,mb,,us,,"74km SW of Merizo Village, Guam",0.67,313,",us,",reviewed,2016-01-01 04:47:11.480,"M 4.5 - 74km SW of Merizo Village, Guam",0,600.0,2016-03-28 22:09:31.040,https://earthquake.usgs.gov/earthquakes/eventpage/us10004bew,144.1769,12.7932,28.12
211,ci37509264,,,0.1718,,78.0,2.03,ml,,ci,25.0,"12km NW of Coso Junction, CA",0.14,63,",ci,",reviewed,2016-01-01 04:45:13.950,"M 2.0 - 12km NW of Coso Junction, CA",0,-480.0,2016-03-29 21:19:55.914,https://earthquake.usgs.gov/earthquakes/eventpage/ci37509264,-118.0546667,36.1166667,1.11
212,ak12439389,,,,,,2.0,ml,,ak,,"97km SSW of Homer, Alaska",0.54,62,",ak,",reviewed,2016-01-01 04:28:44.000,"M 2.0 - 97km SSW of Homer, Alaska",0,-600.0,2016-01-05 23:22:47.782,https://earthquake.usgs.gov/earthquakes/eventpage/ak12439389,-152.481,58.9061,65.7
213,ak12369804,,,,,,1.2,ml,,ak,,"125km W of Cantwell, Alaska",0.55,22,",ak,",reviewed,2016-01-01 04:24:36.000,"M 1.2 - 125km W of Cantwell, Alaska",0,-540.0,2016-01-05 23:22:57.953,https://earthquake.usgs.gov/earthquakes/eventpage/ak12369804,-151.4416,63.2959,9.7
214,ak12439387,,,,,,2.2,ml,,ak,,"186km SSW of Atka, Alaska",0.26,74,",ak,",reviewed,2016-01-01 04:22:32.000,"M 2.2 - 186km SSW of Atka, Alaska",0,-720.0,2016-01-05 23:22:49.970,https://earthquake.usgs.gov/earthquakes/eventpage/ak12439387,-174.9216,50.5822,24.8
215,ak12369802,,,,,,1.4,ml,,ak,,"55km S of Deltana, Alaska",0.57,30,",ak,",reviewed,2016-01-01 04:18:20.000,"M 1.4 - 55km S of Deltana, Alaska",0,-540.0,2016-01-05 23:22:32.849,https://earthquake.usgs.gov/earthquakes/eventpage/ak12369802,-145.1497,63.3749,1.3
216,us10004dcz,,,3.363,,265.0,4.0,mb,,us,,Carlsberg Ridge,0.99,246,",us,",reviewed,2016-01-01 04:12:16.520,M 4.0 - Carlsberg Ridge,0,240.0,2016-03-28 22:09:31.040,https://earthquake.usgs.gov/earthquakes/eventpage/us10004dcz,56.8668,10.6762,10.0
217,ak12369799,,,,,,0.8,ml,,ak,,"16km E of North Nenana, Alaska",0.36,10,",ak,",reviewed,2016-01-01 04:12:13.000,"M 0.8 - 16km E of North Nenana, Alaska",0,-540.0,2016-01-05 23:23:02.350,https://earthquake.usgs.gov/earthquakes/eventpage/ak12369799,-148.7776,64.5834,11.0
218,nn00524934,,,0.393,,162.42,1.0,ml,,nn,9.0,"32km SE of Bridgeport, California",0.1187,15,",nn,",reviewed,2016-01-01 03:59:13.954,"M 1.0 - 32km SE of Bridgeport, California",0,-480.0,2016-01-01 04:21:27.688,https://earthquake.usgs.gov/earthquakes/eventpage/nn00524934,-118.9697,38.0491,14.9
219,nn00524933,,,0.094,,147.33,0.1,ml,,nn,5.0,"18km E of Hawthorne, Nevada",0.0187,0,",nn,",reviewed,2016-01-01 03:57:44.557,"M 0.1 - 18km E of Hawthorne, Nevada",0,-480.0,2016-01-01 04:15:16.410,https://earthquake.usgs.gov/earthquakes/eventpage/nn00524933,-118.4109,38.5099,3.5
220,us10004dcy,,,0.794,,106.0,4.1,mb,,us,,"34km SSW of Masachapa, Nicaragua",0.64,259,",us,",reviewed,2016-01-01 03:43:12.680,"M 4.1 - 34km SSW of Masachapa, Nicaragua",0,-360.0,2016-03-28 22:09:31.040,https://earthquake.usgs.gov/earthquakes/eventpage/us10004dcy,-86.6366,11.4949,58.77
221,ak12368937,,,,,,1.6,ml,,ak,,"99km NNW of Yakutat, Alaska",0.74,39,",ak,",reviewed,2016-01-01 03:30:06.000,"M 1.6 - 99km NNW of Yakutat, Alaska",0,-480.0,2016-01-08 01:05:15.880,https://earthquake.usgs.gov/earthquakes/eventpage/ak12368937,-140.3208,60.3879,0.2
222,us10004ap5,,2.2,,5.0,58.0,2.5,ml,,us,,"5km S of Langston, Oklahoma",0.64,97,",us,",reviewed,2016-01-01 03:29:31.800,"M 2.5 - 5km S of Langston, Oklahoma",0,-360.0,2016-03-28 22:09:31.040,https://earthquake.usgs.gov/earthquakes/eventpage/us10004ap5,-97.2462,35.8976,6.862
223,us10004ap4,,1.0,1.529,0.0,59.0,4.3,mb,,us,,"18km NNW of Qurghontepa, Uzbekistan",1.21,284,",us,",reviewed,2016-01-01 03:26:08.910,"M 4.3 - 18km NNW of Qurghontepa, Uzbekistan",0,300.0,2016-03-28 22:09:31.040,https://earthquake.usgs.gov/earthquakes/eventpage/us10004ap4,72.6379,40.8745,40.3
224,us10004dd2,,,7.935,,71.0,4.1,mb,,us,,South of the Fiji Islands,1.03,259,",us,",reviewed,2016-01-01 03:16:57.640,M 4.1 - South of the Fiji Islands,0,-720.0,2016-03-28 22:09:31.040,https://earthquake.usgs.gov/earthquakes/eventpage/us10004dd2,-179.4803,-25.379,415.3
225,nn00524936,,,0.154,,219.7,1.1,ml,,nn,5.0,"69km ESE of Lakeview, Oregon",0.1011,19,",nn,",reviewed,2016-01-01 03:15:43.444,"M 1.1 - 69km ESE of Lakeview, Oregon",0,-480.0,2016-01-01 04:09:01.420,https://earthquake.usgs.gov/earthquakes/eventpage/nn00524936,-119.6086,41.8857,5.0
226,us10004ap1,,2.2,,1.0,82.0,2.7,ml,,us,,"20km NNE of Okeene, Oklahoma",0.53,112,",us,",reviewed,2016-01-01 03:13:20.800,"M 2.7 - 20km NNE of Okeene, Oklahoma",0,-360.0,2016-03-28 22:09:31.040,https://earthquake.usgs.gov/earthquakes/eventpage/us10004ap1,-98.2198,36.2873,6.292
227,nc72572195,,,0.003604,,110.0,0.43,md,,nc,6.0,"9km W of Cobb, California",0.01,3,",nc,",automatic,2016-01-01 03:04:12.360,"M 0.4 - 9km W of Cobb, California",0,-480.0,2017-02-09 18:00:49.338,https://earthquake.usgs.gov/earthquakes/eventpage/nc72572195,-122.8311691,38.8371658,1.18
228,ak12368934,,,,,,1.4,ml,,ak,,"78km W of Cantwell, Alaska",0.78,30,",ak,",reviewed,2016-01-01 03:02:38.000,"M 1.4 - 78km W of Cantwell, Alaska",0,-540.0,2016-01-05 23:23:03.776,https://earthquake.usgs.gov/earthquakes/eventpage/ak12368934,-150.5051,63.297,3.2
229,us10004dcw,,,1.36,,135.0,4.1,mb,,us,,"79km E of Hasaki, Japan",1.12,259,",us,",reviewed,2016-01-01 03:00:17.640,"M 4.1 - 79km E of Hasaki, Japan",0,540.0,2016-03-28 22:09:31.040,https://earthquake.usgs.gov/earthquakes/eventpage/us10004dcw,141.7001,35.6383,34.85
230,ak12368933,,,,,,2.4,ml,,ak,,"57km E of Amatignak Island, Alaska",0.33,89,",ak,",reviewed,2016-01-01 02:53:53.000,"M 2.4 - 57km E of Amatignak Island, Alaska",0,-720.0,2016-01-05 23:22:59.379,https://earthquake.usgs.gov/earthquakes/eventpage/ak12368933,-178.2932,51.2294,53.3
231,ismpkansas70164583,,,0.02432,,83.0,1.81,ml,,ismpkansas,18.0,"14km ESE of Harper, Kansas",0.03,50,",ismpkansas,",reviewed,2016-01-01 02:52:55.500,"M 1.8 - 14km ESE of Harper, Kansas",0,-360.0,2016-01-06 01:59:41.050,https://earthquake.usgs.gov/earthquakes/eventpage/ismpkansas70164583,-97.8791667,37.2223333,3.3
232,nn00524927,,,0.16,,77.46,2.4,ml,,nn,8.0,"70km ESE of Lakeview, Oregon",0.1869,89,",nn,",reviewed,2016-01-01 02:44:20.767,"M 2.4 - 70km ESE of Lakeview, Oregon",0,-480.0,2016-01-01 04:05:54.033,https://earthquake.usgs.gov/earthquakes/eventpage/nn00524927,-119.5964,41.8898,9.7
233,ak12439381,,,,,,1.7,ml,,ak,,"68km WSW of Talkeetna, Alaska",0.51,44,",ak,",reviewed,2016-01-01 02:41:30.000,"M 1.7 - 68km WSW of Talkeetna, Alaska",0,-540.0,2016-01-05 23:22:49.154,https://earthquake.usgs.gov/earthquakes/eventpage/ak12439381,-151.2353,62.008,83.9
234,us10004any,,1.0,2.97,0.0,209.0,4.4,mb,,us,,"173km NNW of Sola, Vanuatu",0.75,298,",us,",reviewed,2016-01-01 02:36:58.930,"M 4.4 - 173km NNW of Sola, Vanuatu",0,660.0,2016-03-28 22:09:31.040,https://earthquake.usgs.gov/earthquakes/eventpage/us10004any,166.8215,-12.4827,94.07
235,nn00524925,,,0.097,,149.22,-0.1,ml,,nn,5.0,"18km E of Hawthorne, Nevada",0.04,0,",nn,",reviewed,2016-01-01 02:31:40.787,"M -0.1 - 18km E of Hawthorne, Nevada",0,-480.0,2016-01-01 04:02:34.529,https://earthquake.usgs.gov/earthquakes/eventpage/nn00524925,-118.4105,38.5135,2.8
236,nn00524932,,,0.151,,207.85,1.9,ml,,nn,6.0,"69km ESE of Lakeview, Oregon",0.2226,56,",nn,",reviewed,2016-01-01 02:15:09.367,"M 1.9 - 69km ESE of Lakeview, Oregon",0,-480.0,2016-01-01 03:59:21.234,https://earthquake.usgs.gov/earthquakes/eventpage/nn00524932,-119.623,41.8731,8.4
237,hv61139521,,2.0,0.1281,3.0,115.0,2.64,ml,,hv,47.0,"3km S of Kurtistown, Hawaii",0.11,108,",hv,us,",reviewed,2016-01-01 02:06:45.820,"M 2.6 - 3km S of Kurtistown, Hawaii",0,-600.0,2016-03-28 22:09:31.040,https://earthquake.usgs.gov/earthquakes/eventpage/hv61139521,-155.0621667,19.5748333,14.399
238,us10004ant,green,1.0,9.361,0.0,19.0,6.3,mww,0.0,us,,Western Indian-Antarctic Ridge,0.88,611,",gcmt,us,gcmt,",reviewed,2016-01-01 02:00:39.950,M 6.3 - Western Indian-Antarctic Ridge,0,540.0,2016-11-10 22:06:45.862,https://earthquake.usgs.gov/earthquakes/eventpage/us10004ant,139.4489,-50.5575,10.0
239,ak12439380,,,,,,0.9,ml,,ak,,"46km WNW of Cantwell, Alaska",0.71,12,",ak,",reviewed,2016-01-01 01:58:16.000,"M 0.9 - 46km WNW of Cantwell, Alaska",0,-540.0,2016-01-05 23:22:51.582,https://earthquake.usgs.gov/earthquakes/eventpage/ak12439380,-149.7681,63.5974,19.9
240,nc72572185,,,0.008108,,130.0,0.49,md,,nc,5.0,Northern California,0.01,4,",nc,",automatic,2016-01-01 01:46:37.510,M 0.5 - Northern California,0,,2017-02-09 18:00:43.724,https://earthquake.usgs.gov/earthquakes/eventpage/nc72572185,-122.7368317,38.7910004,0.96
241,ak12439379,,,,,,2.4,ml,,ak,,"217km SSE of Akutan, Alaska",0.51,89,",ak,",reviewed,2016-01-01 01:45:58.000,"M 2.4 - 217km SSE of Akutan, Alaska",0,-660.0,2016-01-05 23:22:50.632,https://earthquake.usgs.gov/earthquakes/eventpage/ak12439379,-164.1689,52.432,16.3
242,ak12439378,,,,,,1.4,ml,,ak,,"49km N of Valdez, Alaska",0.57,30,",ak,",reviewed,2016-01-01 01:45:03.000,"M 1.4 - 49km N of Valdez, Alaska",0,-540.0,2016-01-05 23:22:53.302,https://earthquake.usgs.gov/earthquakes/eventpage/ak12439378,-146.2119,61.5693,40.2
243,nc72572180,,,0.04324,,76.0,0.48,md,,nc,21.0,"24km WSW of Coalinga, California",0.06,4,",nc,",reviewed,2016-01-01 01:39:53.960,"M 0.5 - 24km WSW of Coalinga, California",0,-480.0,2017-02-09 18:00:38.177,https://earthquake.usgs.gov/earthquakes/eventpage/nc72572180,-120.594,36.022,5.45
244,hv61139466,,,0.04007,,183.0,1.8,md,,hv,38.0,"19km SE of Volcano, Hawaii",0.21,50,",hv,",automatic,2016-01-01 01:36:25.370,"M 1.8 - 19km SE of Volcano, Hawaii",0,-600.0,2016-01-01 01:39:52.920,https://earthquake.usgs.gov/earthquakes/eventpage/hv61139466,-155.1013336,19.3163338,5.87
245,nc72572175,,,0.008108,,75.0,0.87,md,,nc,12.0,"1km NE of The Geysers, California",0.02,12,",nc,",automatic,2016-01-01 01:35:55.530,"M 0.9 - 1km NE of The Geysers, California",0,-480.0,2017-02-09 18:00:32.908,https://earthquake.usgs.gov/earthquakes/eventpage/nc72572175,-122.7444992,38.7879982,0.78
246,nn00524915,,,0.104,,177.79,0.2,ml,,nn,4.0,"9km E of Hawthorne, Nevada",0.0569,1,",nn,",reviewed,2016-01-01 01:30:16.235,"M 0.2 - 9km E of Hawthorne, Nevada",0,-480.0,2016-01-01 03:56:11.337,https://earthquake.usgs.gov/earthquakes/eventpage/nn00524915,-118.5138,38.5242,9.2
247,nn00524910,,,0.1,,127.96,0.5,ml,,nn,6.0,"18km E of Hawthorne, Nevada",0.1528,4,",nn,",reviewed,2016-01-01 01:16:45.848,"M 0.5 - 18km E of Hawthorne, Nevada",0,-480.0,2016-01-01 03:53:03.212,https://earthquake.usgs.gov/earthquakes/eventpage/nn00524910,-118.4136,38.5147,8.2
248,nc72572170,,,0.009009,,109.0,0.34,md,,nc,12.0,"2km W of Cobb, California",0.06,2,",nc,",reviewed,2016-01-01 01:16:27.090,"M 0.3 - 2km W of Cobb, California",0,-480.0,2017-02-09 18:00:27.800,https://earthquake.usgs.gov/earthquakes/eventpage/nc72572170,-122.7528333,38.8198333,3.73
249,ak12368065,,,,,,1.8,ml,,ak,,"108km NNW of Nikiski, Alaska",0.71,50,",ak,",reviewed,2016-01-01 00:53:47.000,"M 1.8 - 108km NNW of Nikiski, Alaska",0,-540.0,2016-01-05 23:22:32.196,https://earthquake.usgs.gov/earthquakes/eventpage/ak12368065,-152.4032,61.502,11.9
250,ci37509256,,,0.04438,,87.0,0.38,ml,,ci,19.0,"11km NW of Anza, CA",0.09,2,",ci,",reviewed,2016-01-01 00:42:11.540,"M 0.4 - 11km NW of Anza, CA",0,-480.0,2016-03-29 21:19:54.498,https://earthquake.usgs.gov/earthquakes/eventpage/ci37509256,-116.742,33.6341667,17.64
251,us10004anj,,1.0,0.593,0.0,109.0,4.0,mb,,us,,"35km NE of Shizunai, Japan",0.81,246,",us,",reviewed,2016-01-01 00:37:58.700,"M 4.0 - 35km NE of Shizunai, Japan",0,540.0,2016-03-28 22:09:31.040,https://earthquake.usgs.gov/earthquakes/eventpage/us10004anj,142.7227,42.5138,89.9
252,ak12368057,,2.0,,1.0,,3.4,ml,,ak,,"111km NNW of Nikiski, Alaska",0.66,178,",ak,us,",reviewed,2016-01-01 00:37:53.000,"M 3.4 - 111km NNW of Nikiski, Alaska",0,-540.0,2016-03-28 22:09:31.040,https://earthquake.usgs.gov/earthquakes/eventpage/ak12368057,-152.3828,61.5432,0.7
253,nn00524900,,,0.251,,142.29,1.3,ml,,nn,18.0,"69km W of Alamo, Nevada",0.1995,26,",nn,",reviewed,2016-01-01 00:30:58.023,"M 1.3 - 69km W of Alamo, Nevada",0,-480.0,2016-01-01 03:49:54.493,https://earthquake.usgs.gov/earthquakes/eventpage/nn00524900,-115.9455,37.4485,12.3
254,pr16001000,,1.0,0.07096691,0.0,122.4,2.8,Md,,pr,13.0,"1km SSE of Monte Grande, Puerto Rico",0.28,121,",pr,us,",REVIEWED,2016-01-01 00:30:04.900,"M 2.8 - 1km SSE of Monte Grande, Puerto Rico",0,-240.0,2016-03-28 22:09:31.040,https://earthquake.usgs.gov/earthquakes/eventpage/pr16001000,-67.1026,18.0771,19.0
255,ci37509248,,,0.08748,,131.0,0.69,ml,,ci,13.0,"4km S of Devore, CA",0.09,7,",ci,",reviewed,2016-01-01 00:21:42.980,"M 0.7 - 4km S of Devore, CA",0,-480.0,2016-03-29 21:32:44.195,https://earthquake.usgs.gov/earthquakes/eventpage/ci37509248,-117.4001667,34.1858333,8.4
256,ci37509240,,,0.1062,,98.0,0.76,ml,,ci,20.0,"4km ESE of Loma Linda, CA",0.1,9,",ci,",reviewed,2016-01-01 00:18:09.190,"M 0.8 - 4km ESE of Loma Linda, CA",0,-480.0,2016-03-29 21:29:18.315,https://earthquake.usgs.gov/earthquakes/eventpage/ci37509240,-117.2253333,34.0375,14.66
257,ci37509232,,,0.08449,,57.0,0.85,ml,,ci,31.0,"5km SSW of Devore, CA",0.16,11,",ci,",reviewed,2016-01-01 00:12:50.650,"M 0.9 - 5km SSW of Devore, CA",0,-480.0,2016-03-29 21:32:42.781,https://earthquake.usgs.gov/earthquakes/eventpage/ci37509232,-117.4161667,34.1821667,7.38
258,ak12368055,,,,,,1.2,ml,,ak,,"22km NNE of Badger, Alaska",0.27,22,",ak,",reviewed,2016-01-01 00:11:16.000,"M 1.2 - 22km NNE of Badger, Alaska",0,-540.0,2016-01-05 23:22:33.596,https://earthquake.usgs.gov/earthquakes/eventpage/ak12368055,-147.3342,64.9859,0.0
